subject,age,condition,block_type,v,a
5513256cfdf99b1607b1f47b,32,Speed,Fixed,2.4442649347692433,0.26682610024940584
5513256cfdf99b1607b1f47b,32,Speed,Varying,1.6735915827989805,0.31715874457496834
5513256cfdf99b1607b1f47b,32,Accuracy,Fixed,2.678892245445484,0.8323725828093028
5513256cfdf99b1607b1f47b,32,Accuracy,Varying,2.866318787425913,1.0466739706256418
55899b8dfdf99b7ae47f5fa4,65,Speed,Fixed,3.0975398844085484,1.3303939089998393
55899b8dfdf99b7ae47f5fa4,65,Speed,Varying,2.9558863394965753,1.4628993387605562
55899b8dfdf99b7ae47f5fa4,65,Accuracy,Fixed,3.049805611030802,1.5343975689075933
55899b8dfdf99b7ae47f5fa4,65,Accuracy,Varying,2.9838952193183044,1.5450175495247631
55900dcffdf99b3f7aada3f5,73,Speed,Fixed,2.231671040479041,1.4749175813069955
55900dcffdf99b3f7aada3f5,73,Speed,Varying,2.786165687311075,1.4056858607434437
55900dcffdf99b3f7aada3f5,73,Accuracy,Fixed,3.0414528127201743,1.7018731463707346
55900dcffdf99b3f7aada3f5,73,Accuracy,Varying,2.470022250942643,1.3452914596325583
55ad7888fdf99b6eff50171d,63,Speed,Fixed,1.7207044542378487,1.0536790223993389
55ad7888fdf99b6eff50171d,63,Speed,Varying,3.2535128725301816,0.9365636772304339
55ad7888fdf99b6eff50171d,63,Accuracy,Fixed,3.6675441371699917,1.2420733359125984
55ad7888fdf99b6eff50171d,63,Accuracy,Varying,3.8645603259519077,1.0872665253370812
55b6d0a4fdf99b437183f9b5,62,Speed,Fixed,3.2808955854966415,1.1259051092009347
55b6d0a4fdf99b437183f9b5,62,Speed,Varying,2.6287663147690346,1.1969330994000902
55b6d0a4fdf99b437183f9b5,62,Accuracy,Fixed,3.824526093926255,1.1864890451223735
55b6d0a4fdf99b437183f9b5,62,Accuracy,Varying,2.799514639747869,1.1609328576921618
55d4cb9158c35800113dc22e,43,Speed,Fixed,3.312035425450554,0.7202878644634455
55d4cb9158c35800113dc22e,43,Speed,Varying,3.3601692953182805,0.801017052416804
55d4cb9158c35800113dc22e,43,Accuracy,Fixed,4.19905713787677,0.7135251752331219
55d4cb9158c35800113dc22e,43,Accuracy,Varying,3.8198926934495536,0.7478499550441081
55d86f3569dbc30012b6869f,34,Speed,Fixed,2.5053406763607007,0.9260099188051174
55d86f3569dbc30012b6869f,34,Speed,Varying,2.310860357375909,0.7825443554535374
55d86f3569dbc30012b6869f,34,Accuracy,Fixed,3.117296445913357,1.0922781955983762
55d86f3569dbc30012b6869f,34,Accuracy,Varying,2.9582154283070996,1.038217369113205
56caf7b564c068000c4d798a,42,Speed,Fixed,2.7764567683715313,0.9458357386965228
56caf7b564c068000c4d798a,42,Speed,Varying,2.2483389383186028,0.38919301627390507
56caf7b564c068000c4d798a,42,Accuracy,Fixed,3.5733550483145056,1.2109051634107397
56caf7b564c068000c4d798a,42,Accuracy,Varying,3.5337407324194414,1.1268154405979083
56f2a5e0ed0cf6000691320b,74,Speed,Fixed,2.309302888475653,0.9690636115869884
56f2a5e0ed0cf6000691320b,74,Speed,Varying,2.160876597995782,1.0345905107874447
56f2a5e0ed0cf6000691320b,74,Accuracy,Fixed,3.1854749362582293,1.6776084506247047
56f2a5e0ed0cf6000691320b,74,Accuracy,Varying,2.39081684715648,1.354754322017677
58189c1f883c8800010ee630,50,Speed,Fixed,1.8518324325077518,1.0356586018442602
58189c1f883c8800010ee630,50,Speed,Varying,1.9650653427187654,1.0916210097671335
58189c1f883c8800010ee630,50,Accuracy,Fixed,2.478319536327315,1.1105124984733303
58189c1f883c8800010ee630,50,Accuracy,Varying,2.0472218453386812,1.0988085799056357
58b2338a898c2e0001a5ca56,62,Speed,Fixed,2.243965874809972,1.071442359181763
58b2338a898c2e0001a5ca56,62,Speed,Varying,1.7015493754708564,0.977585654156491
58b2338a898c2e0001a5ca56,62,Accuracy,Fixed,3.1274536812823244,1.016950003502272
58b2338a898c2e0001a5ca56,62,Accuracy,Varying,2.922709443030332,1.0188269813711448
598ba20f716a2c000187ce01,52,Speed,Fixed,3.333338607620863,0.5818896285801259
598ba20f716a2c000187ce01,52,Speed,Varying,2.84814721808394,0.7165983999419475
598ba20f716a2c000187ce01,52,Accuracy,Fixed,5.378089458735929,1.3950443429406183
598ba20f716a2c000187ce01,52,Accuracy,Varying,4.030970093756376,1.2309928291030754
59c41e340c5fc800011940f3,59,Speed,Fixed,1.6555446507806049,0.6118359869396581
59c41e340c5fc800011940f3,59,Speed,Varying,1.9077026454404318,0.43227435191671054
59c41e340c5fc800011940f3,59,Accuracy,Fixed,4.2815588471159955,1.3854963599665657
59c41e340c5fc800011940f3,59,Accuracy,Varying,4.226702044150192,1.2524624664426902
59e62b6277860e0001512e14,70,Speed,Fixed,1.2585609667069493,0.8222423468810276
59e62b6277860e0001512e14,70,Speed,Varying,1.87209223470424,1.3307638487726121
59e62b6277860e0001512e14,70,Accuracy,Fixed,2.5491198966769746,1.2467844694811097
59e62b6277860e0001512e14,70,Accuracy,Varying,2.4890124304919965,1.2371503588924695
5a5d0554ac562400015402dd,63,Speed,Fixed,1.208718295980239,0.6134336355962425
5a5d0554ac562400015402dd,63,Speed,Varying,1.1572468307754595,0.5189008375441709
5a5d0554ac562400015402dd,63,Accuracy,Fixed,2.146335173023306,1.2133344670155288
5a5d0554ac562400015402dd,63,Accuracy,Varying,2.179945937157848,1.1804119138762414
5a7a88b1f1408d0001761d2d,46,Speed,Fixed,2.648762108369711,1.134285485534467
5a7a88b1f1408d0001761d2d,46,Speed,Varying,2.9171837203449247,1.278592001639736
5a7a88b1f1408d0001761d2d,46,Accuracy,Fixed,2.636183747049217,1.1684407498420666
5a7a88b1f1408d0001761d2d,46,Accuracy,Varying,2.4878332523657365,1.251617302841947
5ab9d6b0e734400001d9b76a,56,Speed,Fixed,1.6579366580491217,1.2435844032081984
5ab9d6b0e734400001d9b76a,56,Speed,Varying,2.6009798081060636,1.2490189480536096
5ab9d6b0e734400001d9b76a,56,Accuracy,Fixed,2.374572777407143,1.5599878032283467
5ab9d6b0e734400001d9b76a,56,Accuracy,Varying,2.6704609184306474,1.6843725982787576
5add6b6aeb60400001536f2c,70,Speed,Fixed,3.3734339032549903,1.012316793924844
5add6b6aeb60400001536f2c,70,Speed,Varying,3.739134813642197,1.0119425581888706
5add6b6aeb60400001536f2c,70,Accuracy,Fixed,3.7637693126988285,1.289219239153837
5add6b6aeb60400001536f2c,70,Accuracy,Varying,3.2747782987217926,0.969386895497079
5b180cd1db971600013d34cc,38,Speed,Fixed,1.8718646904267433,0.6865050927775895
5b180cd1db971600013d34cc,38,Speed,Varying,1.9045961188419842,0.7519629980638269
5b180cd1db971600013d34cc,38,Accuracy,Fixed,3.1145995067759684,1.174505012073901
5b180cd1db971600013d34cc,38,Accuracy,Varying,2.3143467524713244,1.0152259705306843
5b4e482fb8b20a00015a9e2e,86,Speed,Fixed,1.6750916558582063,0.39120524497881337
5b4e482fb8b20a00015a9e2e,86,Speed,Varying,2.5464495785330556,1.4726307845785962
5b4e482fb8b20a00015a9e2e,86,Accuracy,Fixed,2.577521633425334,1.1307121502768858
5b4e482fb8b20a00015a9e2e,86,Accuracy,Varying,2.580684761490598,1.1034391564514807
5ba4057af0741400010637b9,61,Speed,Fixed,1.383026020113302,0.8464947061709985
5ba4057af0741400010637b9,61,Speed,Varying,3.131635258322039,1.9120823336879562
5ba4057af0741400010637b9,61,Accuracy,Fixed,2.992841471280752,1.5502419155231797
5ba4057af0741400010637b9,61,Accuracy,Varying,3.5953390676259382,1.7652311862663628
5bc934c69427200001dd4ef2,67,Speed,Fixed,2.270164977688395,1.1092418395310522
5bc934c69427200001dd4ef2,67,Speed,Varying,2.7237158888394624,1.1860220221517777
5bc934c69427200001dd4ef2,67,Accuracy,Fixed,3.214906820373957,1.2643023343324615
5bc934c69427200001dd4ef2,67,Accuracy,Varying,2.5160813367347292,1.1199342602435296
5bdc8d12b2fff7000189b6f8,72,Speed,Fixed,2.649286422902997,0.7688645748428985
5bdc8d12b2fff7000189b6f8,72,Speed,Varying,1.8943503474950882,0.8578181374984047
5bdc8d12b2fff7000189b6f8,72,Accuracy,Fixed,3.135362127582498,1.0730709888845822
5bdc8d12b2fff7000189b6f8,72,Accuracy,Varying,2.1568461219585364,1.1621153266335558
5c03688d29abc00001991a3a,25,Speed,Fixed,1.3463813074609126,0.3419157450298291
5c03688d29abc00001991a3a,25,Speed,Varying,1.680522207198156,0.3438411727154536
5c03688d29abc00001991a3a,25,Accuracy,Fixed,2.9231304306717725,0.9625665571599543
5c03688d29abc00001991a3a,25,Accuracy,Varying,2.980242518979148,0.7013164949781
5c0fcccc1f6f150001487111,60,Speed,Fixed,1.2891930924216215,0.40254836342743183
5c0fcccc1f6f150001487111,60,Speed,Varying,1.2288751815070253,0.4671667136588784
5c0fcccc1f6f150001487111,60,Accuracy,Fixed,2.779166699802226,1.652952039770085
5c0fcccc1f6f150001487111,60,Accuracy,Varying,3.501497381744647,1.6245213470478221
5c19fd69e567460001839e98,70,Speed,Fixed,1.892568589225705,1.4435171709111316
5c19fd69e567460001839e98,70,Speed,Varying,2.3296772989984973,1.3931183382741545
5c19fd69e567460001839e98,70,Accuracy,Fixed,2.439976836949521,1.3477884427141185
5c19fd69e567460001839e98,70,Accuracy,Varying,2.003240414795891,1.1525886211910021
5c1ffe5295f978000173df84,65,Speed,Fixed,1.5137538532507753,0.36244095398019166
5c1ffe5295f978000173df84,65,Speed,Varying,1.48099836611842,0.5509244743605091
5c1ffe5295f978000173df84,65,Accuracy,Fixed,3.096708491155616,1.3759274473091236
5c1ffe5295f978000173df84,65,Accuracy,Varying,3.052125218030824,1.2841705900578873
5c330cefca23620001b262b1,58,Speed,Fixed,3.2856027229173947,1.1106538338211143
5c330cefca23620001b262b1,58,Speed,Varying,3.1418961238910668,1.058331606853179
5c330cefca23620001b262b1,58,Accuracy,Fixed,3.616619247502388,1.202580445411703
5c330cefca23620001b262b1,58,Accuracy,Varying,2.9623724098108704,1.0539595707233438
5c40134b1580e900012320ab,43,Speed,Fixed,3.0564419411129466,0.8759350025895217
5c40134b1580e900012320ab,43,Speed,Varying,2.726534321187709,0.8498362511553538
5c40134b1580e900012320ab,43,Accuracy,Fixed,3.134471557039309,1.370858521756859
5c40134b1580e900012320ab,43,Accuracy,Varying,2.611725128913283,1.0846643096630937
5c567e2acc53750001751cb0,75,Speed,Fixed,2.0881770247019467,1.4027824850588944
5c567e2acc53750001751cb0,75,Speed,Varying,2.7393162035109415,1.570627115626294
5c567e2acc53750001751cb0,75,Accuracy,Fixed,4.200308044205351,1.7475964075250483
5c567e2acc53750001751cb0,75,Accuracy,Varying,3.28887606816819,1.5917730711918117
5c59e6519dd64d00018adaa8,24,Speed,Fixed,1.0967658641228242,0.5176638745129516
5c59e6519dd64d00018adaa8,24,Speed,Varying,1.0641471596290233,0.5702355654595601
5c59e6519dd64d00018adaa8,24,Accuracy,Fixed,1.8646136664201542,1.6727669811515966
5c59e6519dd64d00018adaa8,24,Accuracy,Varying,1.0090604823478733,1.2094222315643877
5c6e3a445d427900014b360c,33,Speed,Fixed,0.993363910736217,0.4568132556716657
5c6e3a445d427900014b360c,33,Speed,Varying,1.1215519152998608,0.41712544679961555
5c6e3a445d427900014b360c,33,Accuracy,Fixed,2.890380128861329,1.6454146508152876
5c6e3a445d427900014b360c,33,Accuracy,Varying,2.833318719055973,1.4521221433797846
5c6f2e7632cb70000169b490,47,Speed,Fixed,2.6585875992599135,1.0174142283558933
5c6f2e7632cb70000169b490,47,Speed,Varying,3.511695189894801,1.2419205469535237
5c6f2e7632cb70000169b490,47,Accuracy,Fixed,4.217109682264267,1.4202950556039302
5c6f2e7632cb70000169b490,47,Accuracy,Varying,3.403690361355305,1.5156439392863508
5c7853cecad0dc0001e56ec5,43,Speed,Fixed,1.1900460936527506,0.712583562791533
5c7853cecad0dc0001e56ec5,43,Speed,Varying,2.67151852925529,1.9019022179279739
5c7853cecad0dc0001e56ec5,43,Accuracy,Fixed,2.210148059213296,1.3502612748094396
5c7853cecad0dc0001e56ec5,43,Accuracy,Varying,2.524236098608338,1.6632268561395824
5c8f224c9d2bff0001867ce2,38,Speed,Fixed,3.267072014595661,0.9573742880763088
5c8f224c9d2bff0001867ce2,38,Speed,Varying,3.143966592710155,1.0792764350347126
5c8f224c9d2bff0001867ce2,38,Accuracy,Fixed,3.455563296477209,1.0965336227255704
5c8f224c9d2bff0001867ce2,38,Accuracy,Varying,3.278706465771442,1.07198637072921
5c90094e71f3100016181ea9,43,Speed,Fixed,1.663135935377857,0.8049692998694452
5c90094e71f3100016181ea9,43,Speed,Varying,1.9310777936034014,0.7944416990897468
5c90094e71f3100016181ea9,43,Accuracy,Fixed,1.7931066975487928,0.8088475038479549
5c90094e71f3100016181ea9,43,Accuracy,Varying,1.9948243467195446,0.830207647213666
5cd34d42fe890a00174debb5,22,Speed,Fixed,2.164998727535444,0.6816220005261893
5cd34d42fe890a00174debb5,22,Speed,Varying,1.8825031350494614,0.5297306891037974
5cd34d42fe890a00174debb5,22,Accuracy,Fixed,3.0418477324029354,1.054767358725338
5cd34d42fe890a00174debb5,22,Accuracy,Varying,3.5197246621079152,1.294951504108968
5ce42b3454e33d001918923a,73,Speed,Fixed,2.610109034306709,0.961270610986226
5ce42b3454e33d001918923a,73,Speed,Varying,2.250601509373819,0.9277301130546786
5ce42b3454e33d001918923a,73,Accuracy,Fixed,2.5892394462981603,0.8839699605445165
5ce42b3454e33d001918923a,73,Accuracy,Varying,2.4749800966825832,0.9638270448900373
5cf3f7364bcc6400019d71fa,66,Speed,Fixed,2.9650572711503025,1.6014228103252
5cf3f7364bcc6400019d71fa,66,Speed,Varying,3.3979102561126475,1.662600130926916
5cf3f7364bcc6400019d71fa,66,Accuracy,Fixed,3.260824582885878,1.5497699769669053
5cf3f7364bcc6400019d71fa,66,Accuracy,Varying,3.555438405503104,1.6068221366347772
5cf6150ce42af100015a90c4,53,Speed,Fixed,2.2232838793717455,1.1475239919347555
5cf6150ce42af100015a90c4,53,Speed,Varying,3.3287883986589275,1.857890470295019
5cf6150ce42af100015a90c4,53,Accuracy,Fixed,3.477778170042215,1.1845667315672326
5cf6150ce42af100015a90c4,53,Accuracy,Varying,3.452366315024931,1.4019907655323414
5d0d3bc8f403080016411213,36,Speed,Fixed,1.9939722696476183,0.8039779193505202
5d0d3bc8f403080016411213,36,Speed,Varying,2.3221550859756612,0.8236547151420192
5d0d3bc8f403080016411213,36,Accuracy,Fixed,2.2991447464245804,0.7551799301400951
5d0d3bc8f403080016411213,36,Accuracy,Varying,2.363053588904832,0.8696571096938425
5d41e832b0ca7200169d857e,85,Speed,Fixed,1.156944586168407,1.0479603087638267
5d41e832b0ca7200169d857e,85,Speed,Varying,2.8675507908536324,2.2035397181328187
5d41e832b0ca7200169d857e,85,Accuracy,Fixed,2.40801621002359,1.2274392854737144
5d41e832b0ca7200169d857e,85,Accuracy,Varying,3.041109566092962,1.4188674262884606
5d617ba9364f9a0019f1dac3,37,Speed,Fixed,3.0733946236172827,0.9809717147489724
5d617ba9364f9a0019f1dac3,37,Speed,Varying,2.5898138718010797,0.9211818518018002
5d617ba9364f9a0019f1dac3,37,Accuracy,Fixed,3.180837788269222,1.3576973223715378
5d617ba9364f9a0019f1dac3,37,Accuracy,Varying,2.947197050513788,0.8913714785800084
5d649652adc4e8001a2d258d,58,Speed,Fixed,3.062324227479145,1.374552276103057
5d649652adc4e8001a2d258d,58,Speed,Varying,3.3315647273629443,1.5564172767903586
5d649652adc4e8001a2d258d,58,Accuracy,Fixed,2.869665947064001,1.5895282516983558
5d649652adc4e8001a2d258d,58,Accuracy,Varying,3.0150222020944444,1.4500595502127063
5d75552566edbe0001356a20,66,Speed,Fixed,2.286599965065871,0.8569599723621427
5d75552566edbe0001356a20,66,Speed,Varying,2.974679959865012,0.9823443233719441
5d75552566edbe0001356a20,66,Accuracy,Fixed,3.4005095100095537,1.2882289991510043
5d75552566edbe0001356a20,66,Accuracy,Varying,3.1304879544984945,1.108428162075409
5dcec32a367c6d000a4282c2,70,Speed,Fixed,3.3322503283336964,1.6009357281340402
5dcec32a367c6d000a4282c2,70,Speed,Varying,2.3418299730781627,0.3699567046038242
5dcec32a367c6d000a4282c2,70,Accuracy,Fixed,4.056948832549336,1.712321731862542
5dcec32a367c6d000a4282c2,70,Accuracy,Varying,3.0382547626773224,1.319130357472954
5df80710e297d55a34ee39f0,33,Speed,Fixed,1.3415561863798666,0.3781538522700012
5df80710e297d55a34ee39f0,33,Speed,Varying,1.1370768775210698,0.5703794553467861
5df80710e297d55a34ee39f0,33,Accuracy,Fixed,1.4144622110297587,0.7296749143972613
5df80710e297d55a34ee39f0,33,Accuracy,Varying,1.159456776991792,0.7814578986449429
5e1a72b0d370f42ef4051dc1,24,Speed,Fixed,2.8202570742764084,0.7612682999307033
5e1a72b0d370f42ef4051dc1,24,Speed,Varying,2.7186133895722358,0.7329081102509448
5e1a72b0d370f42ef4051dc1,24,Accuracy,Fixed,2.7456989833611503,1.2049804540412934
5e1a72b0d370f42ef4051dc1,24,Accuracy,Varying,2.9468507466885003,1.037674457896291
5e1fc8d45427912f6143b012,60,Speed,Fixed,3.950127488618635,1.328674863045058
5e1fc8d45427912f6143b012,60,Speed,Varying,3.6265470680078975,1.1650250512562765
5e1fc8d45427912f6143b012,60,Accuracy,Fixed,4.766101636827185,1.3695146750934346
5e1fc8d45427912f6143b012,60,Accuracy,Varying,4.0609179734670695,1.3033679610294109
5e85088b3f06400f3f75e21f,35,Speed,Fixed,4.626257038020022,0.7144291216013308
5e85088b3f06400f3f75e21f,35,Speed,Varying,4.296510940196091,0.6261776781726895
5e85088b3f06400f3f75e21f,35,Accuracy,Fixed,5.024659748906277,0.8558298237945613
5e85088b3f06400f3f75e21f,35,Accuracy,Varying,6.105300238358042,1.1933661355504508
5e8cf14c0bec230b335e060d,47,Speed,Fixed,3.3729819510223744,1.0293263085875808
5e8cf14c0bec230b335e060d,47,Speed,Varying,3.2651934781822436,1.0403788951157946
5e8cf14c0bec230b335e060d,47,Accuracy,Fixed,3.43060566104811,1.0409669019642573
5e8cf14c0bec230b335e060d,47,Accuracy,Varying,3.162628697963029,1.0969178058907272
5e93e2a7a5de13720dffc7f9,46,Speed,Fixed,3.062297404408395,1.0049010226121284
5e93e2a7a5de13720dffc7f9,46,Speed,Varying,3.321560457423195,1.1506448147917663
5e93e2a7a5de13720dffc7f9,46,Accuracy,Fixed,3.2015393698596197,1.3365953029778108
5e93e2a7a5de13720dffc7f9,46,Accuracy,Varying,3.190066694523577,1.230861364594439
5e9e5208595cb12230f38262,46,Speed,Fixed,2.33447795040679,0.740951196171482
5e9e5208595cb12230f38262,46,Speed,Varying,1.9888438545765612,0.8502055994531644
5e9e5208595cb12230f38262,46,Accuracy,Fixed,2.9153131661672,1.258168817696482
5e9e5208595cb12230f38262,46,Accuracy,Varying,2.4212141875878914,1.2797485821052401
5ea47bda5b1a9807ed89eb76,77,Speed,Fixed,1.428159859211394,0.4084766716943539
5ea47bda5b1a9807ed89eb76,77,Speed,Varying,1.216177717131632,0.4525845353131332
5ea47bda5b1a9807ed89eb76,77,Accuracy,Fixed,3.084887012006662,1.4450184441340532
5ea47bda5b1a9807ed89eb76,77,Accuracy,Varying,2.8218888936932793,1.5100105921114562
5eab09eb60ed4e0ae2dc694f,66,Speed,Fixed,1.1142101601178402,0.33546214367915284
5eab09eb60ed4e0ae2dc694f,66,Speed,Varying,1.8420457771744845,0.2992898622936321
5eab09eb60ed4e0ae2dc694f,66,Accuracy,Fixed,3.1290131452846994,1.4842721372480998
5eab09eb60ed4e0ae2dc694f,66,Accuracy,Varying,3.1619267237342017,1.331056948025088
5ebe015ae70ab70008895dbd,60,Speed,Fixed,3.29390987644178,0.8431816537638432
5ebe015ae70ab70008895dbd,60,Speed,Varying,3.739553270302749,1.081512492767087
5ebe015ae70ab70008895dbd,60,Accuracy,Fixed,3.1287228136591,0.9817371838408255
5ebe015ae70ab70008895dbd,60,Accuracy,Varying,3.4637299152558354,1.030376728198837
5ec1c41a1f98090e8c119332,36,Speed,Fixed,2.9545704388031817,0.72120679452985
5ec1c41a1f98090e8c119332,36,Speed,Varying,3.0920978111340993,0.6865037952967398
5ec1c41a1f98090e8c119332,36,Accuracy,Fixed,3.671450997138809,1.3189760558314185
5ec1c41a1f98090e8c119332,36,Accuracy,Varying,3.6816583225650357,1.2791136006603978
5ef035131f1b2a546b44c391,72,Speed,Fixed,3.545866361920938,1.5700713008665899
5ef035131f1b2a546b44c391,72,Speed,Varying,4.1118029932550355,1.6151134987160862
5ef035131f1b2a546b44c391,72,Accuracy,Fixed,3.5565242979178624,1.4124434756240123
5ef035131f1b2a546b44c391,72,Accuracy,Varying,3.950825658829646,1.4852394098928134
5ef6308c40846d2dfca0b66a,50,Speed,Fixed,2.3156767951795985,0.957160356307505
5ef6308c40846d2dfca0b66a,50,Speed,Varying,2.0076598739856264,1.166955608795536
5ef6308c40846d2dfca0b66a,50,Accuracy,Fixed,2.61460268329881,1.1843392168261997
5ef6308c40846d2dfca0b66a,50,Accuracy,Varying,2.306730799914737,1.2547603290672034
5f1230c4f57b2f06e2465477,81,Speed,Fixed,0.8826875194498536,0.7036728291022373
5f1230c4f57b2f06e2465477,81,Speed,Varying,1.6774175053601699,0.37284485023336783
5f1230c4f57b2f06e2465477,81,Accuracy,Fixed,2.0042129575312693,1.2510538556696413
5f1230c4f57b2f06e2465477,81,Accuracy,Varying,2.066422963478936,1.0745786341630323
5f2f86864fd821374b4367bc,29,Speed,Fixed,1.4039710838905057,0.7387831967581597
5f2f86864fd821374b4367bc,29,Speed,Varying,1.2332253079730504,0.568436114884509
5f2f86864fd821374b4367bc,29,Accuracy,Fixed,2.342627547930724,1.5019589438097862
5f2f86864fd821374b4367bc,29,Accuracy,Varying,1.4008637045962578,0.7216174374824446
5f4f93bcb46af5055714d433,57,Speed,Fixed,1.586234889344309,1.2381253630509246
5f4f93bcb46af5055714d433,57,Speed,Varying,1.4239296615603187,0.6389138011375824
5f4f93bcb46af5055714d433,57,Accuracy,Fixed,2.3834100703163275,1.8243183596483328
5f4f93bcb46af5055714d433,57,Accuracy,Varying,2.126867139213955,1.6127232035062637
5f52e45ad408d55fa156aa21,30,Speed,Fixed,2.8556182733988233,0.7592115212063436
5f52e45ad408d55fa156aa21,30,Speed,Varying,2.831172156128627,0.6690719173060345
5f52e45ad408d55fa156aa21,30,Accuracy,Fixed,3.998783279837438,1.625946832159263
5f52e45ad408d55fa156aa21,30,Accuracy,Varying,3.854027285599855,1.6012058813120877
5f773334d74b082186824cac,44,Speed,Fixed,2.3722537215812416,0.7190238436688957
5f773334d74b082186824cac,44,Speed,Varying,2.170337770489126,0.7265619542606317
5f773334d74b082186824cac,44,Accuracy,Fixed,2.6897826038750052,1.1346109245719895
5f773334d74b082186824cac,44,Accuracy,Varying,2.6212422101814568,1.1546585519773571
5fb16308dc5973607fa3041c,60,Speed,Fixed,2.739310988049078,1.1454673933462576
5fb16308dc5973607fa3041c,60,Speed,Varying,3.0208025414618636,1.1432276310156169
5fb16308dc5973607fa3041c,60,Accuracy,Fixed,3.3181767299632927,1.4730812994287124
5fb16308dc5973607fa3041c,60,Accuracy,Varying,2.9583802475370353,1.2086059927198158
5fb41cbb6ab13204137b931e,75,Speed,Fixed,1.3558804822294146,0.404035086072898
5fb41cbb6ab13204137b931e,75,Speed,Varying,1.4060104186816922,0.40205015207496025
5fb41cbb6ab13204137b931e,75,Accuracy,Fixed,3.4407442173231146,1.6034269510926131
5fb41cbb6ab13204137b931e,75,Accuracy,Varying,3.2312924150516675,1.3032907326050862
5fc803709e587e1295172443,52,Speed,Fixed,3.278029112534553,0.864245652584503
5fc803709e587e1295172443,52,Speed,Varying,3.117813615974049,0.8925367167249207
5fc803709e587e1295172443,52,Accuracy,Fixed,3.219748139142919,0.9013586386113603
5fc803709e587e1295172443,52,Accuracy,Varying,3.3594648619157117,0.9668611892109822
5fd0ebb69497b30008547502,45,Speed,Fixed,1.568160512816459,0.5757580527824393
5fd0ebb69497b30008547502,45,Speed,Varying,1.6654130251790036,0.8469681969418892
5fd0ebb69497b30008547502,45,Accuracy,Fixed,2.7982287800845778,1.0200807488601016
5fd0ebb69497b30008547502,45,Accuracy,Varying,2.624873399325914,0.9875954274596266
5fde4292a4d8245990ada5bc,72,Speed,Fixed,4.719844066808646,0.9614659706065244
5fde4292a4d8245990ada5bc,72,Speed,Varying,5.169185137926707,1.224478518919728
5fde4292a4d8245990ada5bc,72,Accuracy,Fixed,4.878358783670077,1.1117452881832413
5fde4292a4d8245990ada5bc,72,Accuracy,Varying,4.685270905857914,1.0019378523358076
600b283694c55c15f17e744c,39,Speed,Fixed,2.510478307141507,0.9197066904432355
600b283694c55c15f17e744c,39,Speed,Varying,2.727713935960411,0.9648870676690809
600b283694c55c15f17e744c,39,Accuracy,Fixed,2.6592202055779675,1.0366565612796874
600b283694c55c15f17e744c,39,Accuracy,Varying,2.7918871221325663,1.0835005963169206
6015ba06aa02256df4792d15,25,Speed,Fixed,3.9408727361556304,1.238016565058432
6015ba06aa02256df4792d15,25,Speed,Varying,3.9385947709684634,1.3816581326147412
6015ba06aa02256df4792d15,25,Accuracy,Fixed,3.3216434975457227,1.1503686774584159
6015ba06aa02256df4792d15,25,Accuracy,Varying,3.451676818454394,1.1080718894565047
601c73af332e2d7ce9b9fe77,21,Speed,Fixed,1.2573284274918202,1.3369766498792661
601c73af332e2d7ce9b9fe77,21,Speed,Varying,1.348830044514741,1.3031159987043532
601c73af332e2d7ce9b9fe77,21,Accuracy,Fixed,1.6438454040786092,1.565508297196186
601c73af332e2d7ce9b9fe77,21,Accuracy,Varying,1.4199727486102718,1.4010730724927576
601dc4afec317f1e601e72c0,66,Speed,Fixed,1.991633918606747,1.2017857431753176
601dc4afec317f1e601e72c0,66,Speed,Varying,3.240746670408546,1.4273820382628772
601dc4afec317f1e601e72c0,66,Accuracy,Fixed,2.3806136044254522,1.3570263136392595
601dc4afec317f1e601e72c0,66,Accuracy,Varying,2.835849954580799,1.4211815721797205
60408842de0f31299ea0dadc,26,Speed,Fixed,1.5761188362174265,0.44559264948944016
60408842de0f31299ea0dadc,26,Speed,Varying,1.347146146053471,0.4272941239901013
60408842de0f31299ea0dadc,26,Accuracy,Fixed,2.404987955959988,1.5112452677778216
60408842de0f31299ea0dadc,26,Accuracy,Varying,2.6027777138411663,1.39228898150397
6051536b3e81428095504b35,64,Speed,Fixed,1.459578800819966,0.41568022520233905
6051536b3e81428095504b35,64,Speed,Varying,1.6197007856142465,0.3883009378489072
6051536b3e81428095504b35,64,Accuracy,Fixed,2.778253462445186,1.3968556604545883
6051536b3e81428095504b35,64,Accuracy,Varying,2.3705383976039207,1.1390724039768307
607c9f94cc974d4ea1dc22c8,67,Speed,Fixed,1.0722416088315756,0.43137517716089235
607c9f94cc974d4ea1dc22c8,67,Speed,Varying,1.1055600557588672,0.4113709050806582
607c9f94cc974d4ea1dc22c8,67,Accuracy,Fixed,2.2844733241169677,1.2661892747153387
607c9f94cc974d4ea1dc22c8,67,Accuracy,Varying,2.3762489969330454,1.1019946648596783
60a202f048762ada5381474a,52,Speed,Fixed,0.8217074622785394,1.0869494309303878
60a202f048762ada5381474a,52,Speed,Varying,1.4997140954017918,1.3766138648167312
60a202f048762ada5381474a,52,Accuracy,Fixed,1.2044100077378088,1.2035548550432213
60a202f048762ada5381474a,52,Accuracy,Varying,1.1364298608801153,1.1186861800605732
60b18fbfb6c5d8edfaa5bed0,67,Speed,Fixed,2.2273664292119677,1.031260011754703
60b18fbfb6c5d8edfaa5bed0,67,Speed,Varying,2.996547230555262,0.8571215651142843
60b18fbfb6c5d8edfaa5bed0,67,Accuracy,Fixed,3.0030177793300106,0.954736251727442
60b18fbfb6c5d8edfaa5bed0,67,Accuracy,Varying,3.2319246472597993,0.9501924961462513
60b9689dc626572895cb801b,42,Speed,Fixed,2.465894474307803,0.39574594342931113
60b9689dc626572895cb801b,42,Speed,Varying,2.923339965482064,0.6989639471891202
60b9689dc626572895cb801b,42,Accuracy,Fixed,4.14654862609369,0.8838213410332001
60b9689dc626572895cb801b,42,Accuracy,Varying,4.137841094836016,0.8366905531236419
60ba46dc6d46a68f1c0bc952,57,Speed,Fixed,2.872175990043568,0.9695364960860572
60ba46dc6d46a68f1c0bc952,57,Speed,Varying,2.9215585030764433,0.9610662357705296
60ba46dc6d46a68f1c0bc952,57,Accuracy,Fixed,3.776967723450347,1.0848009699978773
60ba46dc6d46a68f1c0bc952,57,Accuracy,Varying,3.5932508624528983,1.0545019137433658
60cd717e463162435e3b7d46,41,Speed,Fixed,2.7779977097835453,0.6271978985717
60cd717e463162435e3b7d46,41,Speed,Varying,2.2317002115228566,0.763756925822718
60cd717e463162435e3b7d46,41,Accuracy,Fixed,2.8091920489705378,0.7371297274378393
60cd717e463162435e3b7d46,41,Accuracy,Varying,2.280677656496137,0.8311508834717506
60dfd857e293a99dd577f4c8,66,Speed,Fixed,0.8874902314195141,0.35017168445636454
60dfd857e293a99dd577f4c8,66,Speed,Varying,1.1835190119796486,0.42656332212672304
60dfd857e293a99dd577f4c8,66,Accuracy,Fixed,2.246475192203856,1.5713653200546795
60dfd857e293a99dd577f4c8,66,Accuracy,Varying,2.601123957448404,1.5386656220352604
60e269b58d238fbba93aed38,20,Speed,Fixed,1.6593515475776288,0.5688114559236122
60e269b58d238fbba93aed38,20,Speed,Varying,2.015949704373228,1.3751675049269956
60e269b58d238fbba93aed38,20,Accuracy,Fixed,1.986235077108034,1.2407088942828968
60e269b58d238fbba93aed38,20,Accuracy,Varying,2.089995406320128,1.3290317699517193
60f1fa8f73bf9815c88dc8cb,50,Speed,Fixed,2.2028908283006965,1.3309995564459913
60f1fa8f73bf9815c88dc8cb,50,Speed,Varying,2.963358492808964,1.597585508161143
60f1fa8f73bf9815c88dc8cb,50,Accuracy,Fixed,2.60995062111568,1.3515259900414094
60f1fa8f73bf9815c88dc8cb,50,Accuracy,Varying,2.898358748486367,1.5629215436632875
60f728553a37102574b585c4,69,Speed,Fixed,0.7529482176311646,0.8821023175980657
60f728553a37102574b585c4,69,Speed,Varying,3.3396191151115597,1.329170045791681
60f728553a37102574b585c4,69,Accuracy,Fixed,3.6732669990212847,1.4716411672566858
60f728553a37102574b585c4,69,Accuracy,Varying,3.3046374042938718,1.3383061789647623
60f8760725c31a8e9cc7ce29,85,Speed,Fixed,1.9589607725244191,0.4843897647614089
60f8760725c31a8e9cc7ce29,85,Speed,Varying,3.412268754234999,2.285151347655089
60f8760725c31a8e9cc7ce29,85,Accuracy,Fixed,3.425907062119931,1.5660369272862857
60f8760725c31a8e9cc7ce29,85,Accuracy,Varying,3.163516376548767,1.3207441014366654
60fccb5af75e8814b578841c,23,Speed,Fixed,2.6547818252503204,1.115301369316141
60fccb5af75e8814b578841c,23,Speed,Varying,3.2570910846121537,1.0802500958012715
60fccb5af75e8814b578841c,23,Accuracy,Fixed,2.999168012808412,1.1458018561027876
60fccb5af75e8814b578841c,23,Accuracy,Varying,2.809059922207598,1.3968451094901548
60fece35afedb0bdd821592a,45,Speed,Fixed,3.0077419466496065,1.3082321564919277
60fece35afedb0bdd821592a,45,Speed,Varying,2.721850942676402,1.2630558611532998
60fece35afedb0bdd821592a,45,Accuracy,Fixed,2.785041756308812,1.2460334321013042
60fece35afedb0bdd821592a,45,Accuracy,Varying,2.5935562421571476,1.3080278175313773
60ff0201788cef38c8695833,25,Speed,Fixed,2.02512760816606,1.1133759488198025
60ff0201788cef38c8695833,25,Speed,Varying,2.1778849432593734,1.0629568008180275
60ff0201788cef38c8695833,25,Accuracy,Fixed,2.046622202787514,1.1731164014296482
60ff0201788cef38c8695833,25,Accuracy,Varying,2.303274320764783,1.2332549666144434
6100350440da7a959e9bdd22,22,Speed,Fixed,3.23438023342676,0.6769106369301628
6100350440da7a959e9bdd22,22,Speed,Varying,3.4146738075337786,0.81091233527386
6100350440da7a959e9bdd22,22,Accuracy,Fixed,4.059548335567783,0.9542550515205974
6100350440da7a959e9bdd22,22,Accuracy,Varying,3.071135315882733,1.1457707859112332
610631ba860f21ac066946cf,22,Speed,Fixed,2.063071787830653,1.0725780943093877
610631ba860f21ac066946cf,22,Speed,Varying,2.156094261650251,1.0359628588708614
610631ba860f21ac066946cf,22,Accuracy,Fixed,2.335499972372106,1.2797166713925863
610631ba860f21ac066946cf,22,Accuracy,Varying,2.3414660316566716,1.321556620517206
61081625938d8ffb2440498f,22,Speed,Fixed,2.3571535082131616,1.1074490468497338
61081625938d8ffb2440498f,22,Speed,Varying,2.3151997887773597,1.1384454204350276
61081625938d8ffb2440498f,22,Accuracy,Fixed,2.3831619099009984,1.2735862014041777
61081625938d8ffb2440498f,22,Accuracy,Varying,2.2046914845833134,1.2702872527834246
610825130bf4669d1b167efe,22,Speed,Fixed,2.754044000029149,0.7716330379496769
610825130bf4669d1b167efe,22,Speed,Varying,2.817088395886939,0.775212254041629
610825130bf4669d1b167efe,22,Accuracy,Fixed,4.107690519612927,1.4992601576400093
610825130bf4669d1b167efe,22,Accuracy,Varying,4.032916520903688,1.518122101140779
610847fd403ae0217934a3a1,41,Speed,Fixed,1.1522258605421545,0.336720520589459
610847fd403ae0217934a3a1,41,Speed,Varying,1.6848453592088042,0.27904856400156575
610847fd403ae0217934a3a1,41,Accuracy,Fixed,2.9581736365920737,1.1361724825479456
610847fd403ae0217934a3a1,41,Accuracy,Varying,2.9600345754343333,1.1518747976436512
61095a37fbf7b13d6f7f2f5b,31,Speed,Fixed,1.3887379338398416,0.35964201571994947
61095a37fbf7b13d6f7f2f5b,31,Speed,Varying,1.584624837357141,0.5805936591123889
61095a37fbf7b13d6f7f2f5b,31,Accuracy,Fixed,2.409200857698099,0.9579744086769753
61095a37fbf7b13d6f7f2f5b,31,Accuracy,Varying,3.003156761591167,0.9471564383146744
610c940475aedaf9c70a190e,69,Speed,Fixed,1.8905078607926573,1.508179666541035
610c940475aedaf9c70a190e,69,Speed,Varying,2.209051915688579,1.229699940627337
610c940475aedaf9c70a190e,69,Accuracy,Fixed,2.352596590315045,1.5749184540098522
610c940475aedaf9c70a190e,69,Accuracy,Varying,2.318254276054014,1.4182951715740888
611ac17a9d585411a2314882,23,Speed,Fixed,1.5356711936895382,0.930771044784138
611ac17a9d585411a2314882,23,Speed,Varying,1.6155255510529452,0.7999204932189079
611ac17a9d585411a2314882,23,Accuracy,Fixed,2.116560537931405,1.1317598328465566
611ac17a9d585411a2314882,23,Accuracy,Varying,2.4110387889465708,1.1581728768932635
611e99910d64a6ea6d18b0a6,45,Speed,Fixed,1.9265978544812046,0.8802615353124135
611e99910d64a6ea6d18b0a6,45,Speed,Varying,2.1005923408354823,0.8865452632923037
611e99910d64a6ea6d18b0a6,45,Accuracy,Fixed,2.2925047036676247,1.0174748525534791
611e99910d64a6ea6d18b0a6,45,Accuracy,Varying,3.037248254184121,1.1802518702728213
612e6569f68929afb886fb5c,24,Speed,Fixed,2.7076111469135418,0.5042486806701371
612e6569f68929afb886fb5c,24,Speed,Varying,2.5668086553767235,0.5857201187858158
612e6569f68929afb886fb5c,24,Accuracy,Fixed,2.5000088001799847,0.9322909674308798
612e6569f68929afb886fb5c,24,Accuracy,Varying,2.8382585142145764,1.0151882721134675
6130cdbb53f773b3125576a7,68,Speed,Fixed,2.024537077655646,1.2683334524112357
6130cdbb53f773b3125576a7,68,Speed,Varying,2.6784247788512996,1.184480247589812
6130cdbb53f773b3125576a7,68,Accuracy,Fixed,3.412367522292638,1.380506739197208
6130cdbb53f773b3125576a7,68,Accuracy,Varying,2.7636784650085255,1.276472642009391
613e002e81f4b2409b531dbd,24,Speed,Fixed,1.6740300231089331,0.8758600818522608
613e002e81f4b2409b531dbd,24,Speed,Varying,1.6972551205263575,0.8273893091571602
613e002e81f4b2409b531dbd,24,Accuracy,Fixed,2.3921152394652876,1.3301659468454214
613e002e81f4b2409b531dbd,24,Accuracy,Varying,2.063015890910352,0.9334675989700034
613ea8344b072de7f3ccb5dc,24,Speed,Fixed,1.5244463322531725,1.3227037355901807
613ea8344b072de7f3ccb5dc,24,Speed,Varying,1.7106121133472347,1.2996102603048916
613ea8344b072de7f3ccb5dc,24,Accuracy,Fixed,1.6927082528437396,1.3931637476089136
613ea8344b072de7f3ccb5dc,24,Accuracy,Varying,1.7860701392570546,1.347105038332525
614e32cf6eacf837eb9d5c48,80,Speed,Fixed,1.2073145767024893,0.38167597637740225
614e32cf6eacf837eb9d5c48,80,Speed,Varying,1.126902950024246,0.573740262235849
614e32cf6eacf837eb9d5c48,80,Accuracy,Fixed,1.599632327578137,1.2223576007233368
614e32cf6eacf837eb9d5c48,80,Accuracy,Varying,1.301858514041036,1.1816341934730354
61536cd5842e5b40639fa99b,61,Speed,Fixed,1.8660145696776471,1.548502063477595
61536cd5842e5b40639fa99b,61,Speed,Varying,2.75977970680514,1.3961522471445484
61536cd5842e5b40639fa99b,61,Accuracy,Fixed,2.3767830963179972,1.5817075554665674
61536cd5842e5b40639fa99b,61,Accuracy,Varying,2.6837263522630024,1.5309485540362606
6155b9c45f96867d9d9631fd,30,Speed,Fixed,1.0233056376423393,0.43074087339713246
6155b9c45f96867d9d9631fd,30,Speed,Varying,1.0293280948092485,0.4814681718795973
6155b9c45f96867d9d9631fd,30,Accuracy,Fixed,2.8675423878699604,1.2572148801875267
6155b9c45f96867d9d9631fd,30,Accuracy,Varying,2.9460848344822015,1.3230284247250634
6157a19a19a618c6119bf7d7,53,Speed,Fixed,2.172711369918004,0.9924766515195735
6157a19a19a618c6119bf7d7,53,Speed,Varying,2.2285982173331935,0.9341982009149454
6157a19a19a618c6119bf7d7,53,Accuracy,Fixed,2.684984711171768,1.404342096101877
6157a19a19a618c6119bf7d7,53,Accuracy,Varying,2.9748436576838784,1.1979526795138502
615914a33224dc31f1045612,63,Speed,Fixed,2.7776745640495677,0.9745377156388211
615914a33224dc31f1045612,63,Speed,Varying,3.280720161837776,1.0085860772462216
615914a33224dc31f1045612,63,Accuracy,Fixed,2.526392746310227,1.1064440747841229
615914a33224dc31f1045612,63,Accuracy,Varying,2.9625017854241533,1.1092182377555442
615ce4d0388d7ca055118747,29,Speed,Fixed,1.4712077307859328,0.765881868666875
615ce4d0388d7ca055118747,29,Speed,Varying,1.6223682788277447,1.0511707876197784
615ce4d0388d7ca055118747,29,Accuracy,Fixed,2.4363494873552383,1.3665513137909062
615ce4d0388d7ca055118747,29,Accuracy,Varying,2.6074099525173318,1.3819118327246438
615e1782e969d4939045c54f,33,Speed,Fixed,1.1629387670872362,0.886006862349139
615e1782e969d4939045c54f,33,Speed,Varying,1.8341005920428965,2.041561149909464
615e1782e969d4939045c54f,33,Accuracy,Fixed,1.970905368078568,1.1822537122703924
615e1782e969d4939045c54f,33,Accuracy,Varying,2.031896259789838,1.0725387863948859
6165af4b36cb3bae91f2e355,31,Speed,Fixed,1.9259074146946877,1.241676807145004
6165af4b36cb3bae91f2e355,31,Speed,Varying,2.7147646026939065,1.2141738887596858
6165af4b36cb3bae91f2e355,31,Accuracy,Fixed,2.918737912716136,1.180264363976512
6165af4b36cb3bae91f2e355,31,Accuracy,Varying,2.8102275896181204,1.1021008198318423
616604bed27acb2f4e2841a9,25,Speed,Fixed,3.1113767648742545,0.9818216389704647
616604bed27acb2f4e2841a9,25,Speed,Varying,2.9537356040233984,1.024697132363274
616604bed27acb2f4e2841a9,25,Accuracy,Fixed,4.2628887059320855,2.0388744524360223
616604bed27acb2f4e2841a9,25,Accuracy,Varying,2.7242927587682804,1.295974969397063
6171125c1d572c106f10824e,39,Speed,Fixed,3.6944826199413225,1.1429750127895657
6171125c1d572c106f10824e,39,Speed,Varying,3.916017628300685,1.0689370059223906
6171125c1d572c106f10824e,39,Accuracy,Fixed,3.8420859036075954,1.153507640445926
6171125c1d572c106f10824e,39,Accuracy,Varying,3.926660028745357,1.1148674687571622
6172b85dcc19bffb22604f1b,32,Speed,Fixed,3.121503050879101,0.9897770889656344
6172b85dcc19bffb22604f1b,32,Speed,Varying,2.761620349858735,0.7642794509677969
6172b85dcc19bffb22604f1b,32,Accuracy,Fixed,3.045021538646243,0.925670682837931
6172b85dcc19bffb22604f1b,32,Accuracy,Varying,2.8849731326007366,0.7900949451851514
622f847b881caa647e7ce207,67,Speed,Fixed,1.8154006701677856,0.6056568715614568
622f847b881caa647e7ce207,67,Speed,Varying,2.1177059667603486,0.9023208971107017
622f847b881caa647e7ce207,67,Accuracy,Fixed,2.6804586761441014,1.1585167460017696
622f847b881caa647e7ce207,67,Accuracy,Varying,2.3227519804297057,1.0107996452017056
627722a4b5a575a6023a3382,44,Speed,Fixed,1.7767894719470412,0.7839624947379086
627722a4b5a575a6023a3382,44,Speed,Varying,1.8559283515004938,0.8362783926381531
627722a4b5a575a6023a3382,44,Accuracy,Fixed,2.1175018056843635,1.0247530208556832
627722a4b5a575a6023a3382,44,Accuracy,Varying,2.324811938833845,0.9718090479438077
62858e3a433a7a27305f1992,71,Speed,Fixed,2.724122338359763,0.8476075754501159
62858e3a433a7a27305f1992,71,Speed,Varying,2.607563265223196,1.1088096160451792
62858e3a433a7a27305f1992,71,Accuracy,Fixed,2.8221840432909167,0.992278942252598
62858e3a433a7a27305f1992,71,Accuracy,Varying,2.609380916117223,1.0754612141067088
62879b859698ba45e6afa90f,69,Speed,Fixed,3.190796787427554,0.9639832083684345
62879b859698ba45e6afa90f,69,Speed,Varying,3.310542750296599,1.0847714261951793
62879b859698ba45e6afa90f,69,Accuracy,Fixed,3.0471079968667434,1.3024224997926022
62879b859698ba45e6afa90f,69,Accuracy,Varying,3.0160145949911064,1.259831409838969
628804d2d0584458ddaafc0c,35,Speed,Fixed,0.9977812848457738,0.8342601889333123
628804d2d0584458ddaafc0c,35,Speed,Varying,0.9515497406990713,1.0610010226512328
628804d2d0584458ddaafc0c,35,Accuracy,Fixed,2.603304746752312,1.2227085657190597
628804d2d0584458ddaafc0c,35,Accuracy,Varying,2.479178010103082,1.1953044107630275
628f572a2d1304a34b9e1a37,75,Speed,Fixed,3.2589779704470057,0.954061632053084
628f572a2d1304a34b9e1a37,75,Speed,Varying,2.7469870992568537,0.8616190590368847
628f572a2d1304a34b9e1a37,75,Accuracy,Fixed,3.437619320452948,1.124776124356343
628f572a2d1304a34b9e1a37,75,Accuracy,Varying,3.2672026372965406,1.033104485424442
62a9513ae9305607fd5af01a,60,Speed,Fixed,2.336133657309008,1.3559576137119589
62a9513ae9305607fd5af01a,60,Speed,Varying,2.761226713054558,1.3431554678946476
62a9513ae9305607fd5af01a,60,Accuracy,Fixed,2.8732098295425152,1.4195964107665333
62a9513ae9305607fd5af01a,60,Accuracy,Varying,3.030695329622605,1.52677144238433
62b601e089d3d1134aed066b,72,Speed,Fixed,3.176747438611933,0.6759920977669952
62b601e089d3d1134aed066b,72,Speed,Varying,2.9088514403891255,0.7742512891042942
62b601e089d3d1134aed066b,72,Accuracy,Fixed,3.5631249127780755,0.9332725737754023
62b601e089d3d1134aed066b,72,Accuracy,Varying,3.133619851847077,0.7940479561002015
62bdadf07a2fd70b3257e791,31,Speed,Fixed,1.6404720994637818,0.39224957405437966
62bdadf07a2fd70b3257e791,31,Speed,Varying,1.618871038505646,0.8557452406855282
62bdadf07a2fd70b3257e791,31,Accuracy,Fixed,3.19361630169504,1.2482976473370704
62bdadf07a2fd70b3257e791,31,Accuracy,Varying,2.9981414698218964,1.2260022960418746
62cd9b920ed1b7c1648818d3,76,Speed,Fixed,3.6475295747900103,1.023214409792862
62cd9b920ed1b7c1648818d3,76,Speed,Varying,3.327914187067728,1.0722269070141637
62cd9b920ed1b7c1648818d3,76,Accuracy,Fixed,3.7289719592899293,1.167958745924362
62cd9b920ed1b7c1648818d3,76,Accuracy,Varying,3.540799581016914,1.1415900183252898
62df7fc27c9e824a7a774103,40,Speed,Fixed,2.108512059796229,1.3593549559569476
62df7fc27c9e824a7a774103,40,Speed,Varying,2.8829147281817513,1.379765807773146
62df7fc27c9e824a7a774103,40,Accuracy,Fixed,2.77466229385382,1.630966250438033
62df7fc27c9e824a7a774103,40,Accuracy,Varying,2.9412419712240347,1.6217763879916194
62e05742fafd80b3f0c2e20b,22,Speed,Fixed,1.4016959320661517,1.3827655656580875
62e05742fafd80b3f0c2e20b,22,Speed,Varying,1.3696860588877782,1.5361169473875873
62e05742fafd80b3f0c2e20b,22,Accuracy,Fixed,1.7599167091934602,1.4473853885629961
62e05742fafd80b3f0c2e20b,22,Accuracy,Varying,1.38704211075331,1.4582690602014372
62f18c2d37a5f255f351b61d,49,Speed,Fixed,2.9151391287446162,1.0579757704377903
62f18c2d37a5f255f351b61d,49,Speed,Varying,3.0328785776057026,1.0166710885318326
62f18c2d37a5f255f351b61d,49,Accuracy,Fixed,2.79511600215355,0.9998481829684214
62f18c2d37a5f255f351b61d,49,Accuracy,Varying,3.04132403962937,1.0608775130982262
62f269f2a7751126ffb96a4c,60,Speed,Fixed,1.8977056810691244,0.23007319549504254
62f269f2a7751126ffb96a4c,60,Speed,Varying,1.9105010949170462,0.20784179738885158
62f269f2a7751126ffb96a4c,60,Accuracy,Fixed,3.4388374425577015,1.1194739300469436
62f269f2a7751126ffb96a4c,60,Accuracy,Varying,3.4033103207375857,1.0253829959406868
62fcf3d9948e4a6a9623cce8,72,Speed,Fixed,1.4685599891896939,0.38635627615573853
62fcf3d9948e4a6a9623cce8,72,Speed,Varying,1.9489760811946637,0.39609316205914014
62fcf3d9948e4a6a9623cce8,72,Accuracy,Fixed,4.47224079641829,1.3190040378513566
62fcf3d9948e4a6a9623cce8,72,Accuracy,Varying,3.7616600015626447,1.1022277195798817
6318be45a49442eee3a88cb3,68,Speed,Fixed,1.568458095118741,0.4695866114109175
6318be45a49442eee3a88cb3,68,Speed,Varying,1.8734777923212187,0.4195111084994181
6318be45a49442eee3a88cb3,68,Accuracy,Fixed,3.301235287339722,1.2548173957253432
6318be45a49442eee3a88cb3,68,Accuracy,Varying,2.926432389271839,0.9306160621062104
631b428359f449b8159625f8,36,Speed,Fixed,2.364192495930533,0.673458294420111
631b428359f449b8159625f8,36,Speed,Varying,2.3788967846294558,0.7317989795612382
631b428359f449b8159625f8,36,Accuracy,Fixed,4.033258665950479,1.123117004409727
631b428359f449b8159625f8,36,Accuracy,Varying,3.799051394064242,0.9281856659126334
631c26a9aca573805b1907d9,21,Speed,Fixed,1.8933001221039631,0.6056745701156571
631c26a9aca573805b1907d9,21,Speed,Varying,1.889208703376161,0.39659973409026145
631c26a9aca573805b1907d9,21,Accuracy,Fixed,2.9829155040686506,0.9927872259809004
631c26a9aca573805b1907d9,21,Accuracy,Varying,2.674952882684597,0.844656365273902
631f1b608af38f654d2a3b1f,40,Speed,Fixed,3.1779614807190453,1.1762669254602158
631f1b608af38f654d2a3b1f,40,Speed,Varying,4.053839321935021,1.1196118202024479
631f1b608af38f654d2a3b1f,40,Accuracy,Fixed,3.47674575103015,1.1850462460006723
631f1b608af38f654d2a3b1f,40,Accuracy,Varying,3.739147617628267,1.1211629160845933
631f55697876499cef1a3ebb,63,Speed,Fixed,2.0692700203281698,1.576229239903972
631f55697876499cef1a3ebb,63,Speed,Varying,2.638956052979263,1.6175250019624703
631f55697876499cef1a3ebb,63,Accuracy,Fixed,2.5379621476211662,1.6817274448956328
631f55697876499cef1a3ebb,63,Accuracy,Varying,2.7237331685735215,1.6354188439225035
632651a9f1a00140dc2b9487,78,Speed,Fixed,3.0703664443281315,1.0040053608455306
632651a9f1a00140dc2b9487,78,Speed,Varying,2.7743858411335296,1.1611463283378414
632651a9f1a00140dc2b9487,78,Accuracy,Fixed,2.506243195844279,0.896818708320531
632651a9f1a00140dc2b9487,78,Accuracy,Varying,3.1027679066840577,1.3002665950803172
632b5400bf46cdb11db9f588,26,Speed,Fixed,3.5150506556435293,0.8320312505044837
632b5400bf46cdb11db9f588,26,Speed,Varying,3.391272758305055,0.8375305504116982
632b5400bf46cdb11db9f588,26,Accuracy,Fixed,3.978191447634046,1.1720551750236141
632b5400bf46cdb11db9f588,26,Accuracy,Varying,3.272764628678601,0.7679915192117764
632f7d0761bce49001d13953,40,Speed,Fixed,0.8103645100449195,0.6581810793030681
632f7d0761bce49001d13953,40,Speed,Varying,0.8676668336398885,0.8510490009931412
632f7d0761bce49001d13953,40,Accuracy,Fixed,1.467545896301638,2.333850839985361
632f7d0761bce49001d13953,40,Accuracy,Varying,1.2303284095750195,1.7798373705718125
63378180a7bc5bc3427e8db0,70,Speed,Fixed,2.4359254427485144,1.0019263476495615
63378180a7bc5bc3427e8db0,70,Speed,Varying,2.2842507510235377,1.2331148710073594
63378180a7bc5bc3427e8db0,70,Accuracy,Fixed,2.7616208681491505,1.3803437614369878
63378180a7bc5bc3427e8db0,70,Accuracy,Varying,2.3818230326121004,1.4248397395708408
63480954af4c7db036aa6595,73,Speed,Fixed,1.5092096786565365,1.2480416836053692
63480954af4c7db036aa6595,73,Speed,Varying,2.4904811689550708,1.0751877869867121
63480954af4c7db036aa6595,73,Accuracy,Fixed,2.9338819724275145,1.252326187465895
63480954af4c7db036aa6595,73,Accuracy,Varying,2.8302969984124045,1.238810333466602
63617d69f2a3425296c8d89e,35,Speed,Fixed,1.4004120705388996,0.7075110735060636
63617d69f2a3425296c8d89e,35,Speed,Varying,2.477116235361061,1.3345201386579397
63617d69f2a3425296c8d89e,35,Accuracy,Fixed,2.6351754543014714,1.0179307542278222
63617d69f2a3425296c8d89e,35,Accuracy,Varying,2.604092091701184,1.2514634531120326
63626fe174f7db263a4aa8f2,50,Speed,Fixed,2.3901193106186978,1.8924484151288814
63626fe174f7db263a4aa8f2,50,Speed,Varying,2.3458526428253985,1.0275260366745247
63626fe174f7db263a4aa8f2,50,Accuracy,Fixed,2.271132262491611,2.172220918406006
63626fe174f7db263a4aa8f2,50,Accuracy,Varying,2.2938920180828357,1.3620902444903997
6365437b0637981c7666125b,86,Speed,Fixed,1.3733361056109672,0.7893542544069418
6365437b0637981c7666125b,86,Speed,Varying,1.9602804115979944,1.5279762728498152
6365437b0637981c7666125b,86,Accuracy,Fixed,2.127394371129557,1.2207998326800158
6365437b0637981c7666125b,86,Accuracy,Varying,2.1858472852295985,1.0715577729164678
636acaf0ab9c76f449b54f2b,43,Speed,Fixed,2.510746861250089,0.7710460431007105
636acaf0ab9c76f449b54f2b,43,Speed,Varying,2.802823891637119,0.8366092135600074
636acaf0ab9c76f449b54f2b,43,Accuracy,Fixed,2.634889308639253,0.770212180391755
636acaf0ab9c76f449b54f2b,43,Accuracy,Varying,2.8746184537363675,0.9147286475798231
6373b943edc58781ec916dc9,49,Speed,Fixed,1.5571843363332818,0.5625323070106697
6373b943edc58781ec916dc9,49,Speed,Varying,1.6648469811892121,0.4514357571984849
6373b943edc58781ec916dc9,49,Accuracy,Fixed,3.161326037806676,0.8382724641210842
6373b943edc58781ec916dc9,49,Accuracy,Varying,3.305792543163517,0.8836579839461062
637656f618065b68614915b0,65,Speed,Fixed,0.8299837312982717,0.8563020353989385
637656f618065b68614915b0,65,Speed,Varying,1.2894530826835404,1.4578354866800083
637656f618065b68614915b0,65,Accuracy,Fixed,1.926968230391374,1.4980245300843287
637656f618065b68614915b0,65,Accuracy,Varying,1.5517266232326827,1.4348998790013228
6376916db0ae9a57d377d0d2,70,Speed,Fixed,1.61639126180166,0.6352657455297431
6376916db0ae9a57d377d0d2,70,Speed,Varying,2.0494507945375116,0.47047579612227286
6376916db0ae9a57d377d0d2,70,Accuracy,Fixed,3.758872152923481,1.687778206848735
6376916db0ae9a57d377d0d2,70,Accuracy,Varying,3.0554068551896165,1.117808509514415
6384e535ba619451063f5223,69,Speed,Fixed,1.5964069049691954,0.9280879440160863
6384e535ba619451063f5223,69,Speed,Varying,1.568333099512168,0.6603013114961294
6384e535ba619451063f5223,69,Accuracy,Fixed,2.8641653955467827,1.3465368243922364
6384e535ba619451063f5223,69,Accuracy,Varying,2.723238935312743,1.100810093405643
638e4ace1c4a380ecc49932f,73,Speed,Fixed,2.6171707080570674,1.0861922229753187
638e4ace1c4a380ecc49932f,73,Speed,Varying,2.976428914781597,1.19523617886392
638e4ace1c4a380ecc49932f,73,Accuracy,Fixed,2.8244883075409732,1.1483473750413813
638e4ace1c4a380ecc49932f,73,Accuracy,Varying,2.803149624456634,1.0550016177379598
638fdf87700dd1228bade2e1,70,Speed,Fixed,3.4044392126981418,0.788470446336659
638fdf87700dd1228bade2e1,70,Speed,Varying,2.4554127331617686,0.7648839257297926
638fdf87700dd1228bade2e1,70,Accuracy,Fixed,3.5366955760058083,0.9096251810527227
638fdf87700dd1228bade2e1,70,Accuracy,Varying,2.5946058707419564,0.8127109651742743
639dc966f953a42bc397c24b,75,Speed,Fixed,1.1500440048092038,0.9063644764250349
639dc966f953a42bc397c24b,75,Speed,Varying,1.7153291478547577,1.0809106499656607
639dc966f953a42bc397c24b,75,Accuracy,Fixed,2.0648352502628406,1.0974520670083723
639dc966f953a42bc397c24b,75,Accuracy,Varying,2.1147885978361667,1.2333384511958472
63ade94905e590dbf726b7fb,50,Speed,Fixed,1.0276370157715982,0.4833169950511499
63ade94905e590dbf726b7fb,50,Speed,Varying,1.1843095388959939,0.5002794753914726
63ade94905e590dbf726b7fb,50,Accuracy,Fixed,1.8949543819887398,1.130203818969199
63ade94905e590dbf726b7fb,50,Accuracy,Varying,2.5469317239569613,1.2843437990535356
63b0b5cfc9252404951ac395,70,Speed,Fixed,1.542289854546588,1.3783289249968953
63b0b5cfc9252404951ac395,70,Speed,Varying,2.5835664717984885,2.1838603428507826
63b0b5cfc9252404951ac395,70,Accuracy,Fixed,2.5328138803179865,1.7008185018784574
63b0b5cfc9252404951ac395,70,Accuracy,Varying,2.5432596583988776,1.9623522110352936
63b46b4cb554f946b60fd1d6,72,Speed,Fixed,1.2280035543098466,0.7424577960263503
63b46b4cb554f946b60fd1d6,72,Speed,Varying,2.4934691207674464,1.5667315995349023
63b46b4cb554f946b60fd1d6,72,Accuracy,Fixed,1.863645820657355,0.9824653716772058
63b46b4cb554f946b60fd1d6,72,Accuracy,Varying,2.2255682061332864,0.9660678586866067
63b5681c49af1cbe651420bc,55,Speed,Fixed,2.2727306255532653,0.3234712910126766
63b5681c49af1cbe651420bc,55,Speed,Varying,2.279176255474159,0.34574902939074026
63b5681c49af1cbe651420bc,55,Accuracy,Fixed,4.801015268458926,1.7847110384739169
63b5681c49af1cbe651420bc,55,Accuracy,Varying,5.111351471256949,1.695729517561093
63bdb63007b7ff499cb0e839,53,Speed,Fixed,1.4713234852073123,1.1917486760805314
63bdb63007b7ff499cb0e839,53,Speed,Varying,1.443761071274021,1.2762510048337898
63bdb63007b7ff499cb0e839,53,Accuracy,Fixed,1.6385163972809578,1.4205987181487527
63bdb63007b7ff499cb0e839,53,Accuracy,Varying,1.5278148310090172,1.3617340726357299
63bed6e176fba857a47fbaff,61,Speed,Fixed,1.7206189952287854,1.0239156645368936
63bed6e176fba857a47fbaff,61,Speed,Varying,2.257452176895056,1.5173232591842325
63bed6e176fba857a47fbaff,61,Accuracy,Fixed,3.172580783225243,1.455458553827175
63bed6e176fba857a47fbaff,61,Accuracy,Varying,3.585862208454622,1.4962336108270846
63c4a90d09909e33d5e82f21,50,Speed,Fixed,1.176127019554913,0.6655172384938909
63c4a90d09909e33d5e82f21,50,Speed,Varying,1.9501870664801042,1.208143063249223
63c4a90d09909e33d5e82f21,50,Accuracy,Fixed,1.6942284196227226,0.6129996354369399
63c4a90d09909e33d5e82f21,50,Accuracy,Varying,1.9141765108362918,1.0693118559268104
63c9fd72104f2f9bdc6b1fcc,86,Speed,Fixed,1.794191365013022,0.8560604737213728
63c9fd72104f2f9bdc6b1fcc,86,Speed,Varying,2.095931674528038,0.7850785301605459
63c9fd72104f2f9bdc6b1fcc,86,Accuracy,Fixed,2.8457576482651263,1.2276725427454886
63c9fd72104f2f9bdc6b1fcc,86,Accuracy,Varying,2.7495071805627096,1.1227460357428076
63caa01beb22afd1f8a42b54,69,Speed,Fixed,2.4188391402556553,1.036434876312983
63caa01beb22afd1f8a42b54,69,Speed,Varying,2.73481212105028,1.0153136373855243
63caa01beb22afd1f8a42b54,69,Accuracy,Fixed,3.133051159530625,1.2112626312696024
63caa01beb22afd1f8a42b54,69,Accuracy,Varying,2.6632593154107944,1.151419119474125
63cbd5095083beef0c8b1a7a,62,Speed,Fixed,1.1527889057181422,0.8877246125307949
63cbd5095083beef0c8b1a7a,62,Speed,Varying,1.1530557130474735,1.1431638177838612
63cbd5095083beef0c8b1a7a,62,Accuracy,Fixed,1.9644931506936814,1.0157352503912727
63cbd5095083beef0c8b1a7a,62,Accuracy,Varying,1.3453849284571768,0.9051537985763484
63d2fe57eea8cacc91a44fdd,62,Speed,Fixed,1.2796015826155231,0.6600137622764425
63d2fe57eea8cacc91a44fdd,62,Speed,Varying,1.1324212452458735,0.5779570810561409
63d2fe57eea8cacc91a44fdd,62,Accuracy,Fixed,2.8617688956264478,1.3589520594732771
63d2fe57eea8cacc91a44fdd,62,Accuracy,Varying,2.722262501660914,1.2127646658215785
63d7b81d79044b73bfb50952,40,Speed,Fixed,2.8038673261483784,0.9883865538721883
63d7b81d79044b73bfb50952,40,Speed,Varying,2.5294316201430944,0.8807239229656264
63d7b81d79044b73bfb50952,40,Accuracy,Fixed,2.4328319250482298,1.2000191250010046
63d7b81d79044b73bfb50952,40,Accuracy,Varying,2.6837997596979446,0.9314064760938946
63da9d744c860382808770bd,62,Speed,Fixed,2.7211963221407585,1.2027978307494185
63da9d744c860382808770bd,62,Speed,Varying,3.012052068241762,1.2520977411952439
63da9d744c860382808770bd,62,Accuracy,Fixed,3.5474918897053067,1.5691840949645246
63da9d744c860382808770bd,62,Accuracy,Varying,3.2330050015965766,1.5540220714545994
63e51e55974365f1e43df265,19,Speed,Fixed,2.302376115439073,0.8543377529531992
63e51e55974365f1e43df265,19,Speed,Varying,1.95092250271413,0.7998610260459371
63e51e55974365f1e43df265,19,Accuracy,Fixed,2.415696099990428,1.2302452819378504
63e51e55974365f1e43df265,19,Accuracy,Varying,2.3944608084025756,1.122996916026319
63e995a63f886d83e6ec5881,22,Speed,Fixed,2.775175710812261,0.9343948561046456
63e995a63f886d83e6ec5881,22,Speed,Varying,2.8939697633030455,0.7898074125220169
63e995a63f886d83e6ec5881,22,Accuracy,Fixed,3.2446458635924764,1.4623915479726806
63e995a63f886d83e6ec5881,22,Accuracy,Varying,2.873629023845219,1.1569784202326223
63f030e4617ebd1995cef566,67,Speed,Fixed,1.813601967773822,1.108529489625947
63f030e4617ebd1995cef566,67,Speed,Varying,1.7732347267055377,1.052703117569717
63f030e4617ebd1995cef566,67,Accuracy,Fixed,1.883197529272852,0.9828338037660249
63f030e4617ebd1995cef566,67,Accuracy,Varying,1.670722853812358,1.0809397085249366
63f7a192f23f12b947c92d36,67,Speed,Fixed,0.7775453744411981,1.015691209342235
63f7a192f23f12b947c92d36,67,Speed,Varying,0.8488905215590438,1.0219585922698053
63f7a192f23f12b947c92d36,67,Accuracy,Fixed,1.4315396158086091,1.0312009210750173
63f7a192f23f12b947c92d36,67,Accuracy,Varying,0.9009698215729528,1.057980907734669
63f7a3efa5b4d0027e3185f0,40,Speed,Fixed,5.083810983748362,1.1211581955296717
63f7a3efa5b4d0027e3185f0,40,Speed,Varying,5.178435700144127,1.255821948976738
63f7a3efa5b4d0027e3185f0,40,Accuracy,Fixed,6.343838619769332,1.5050715699713983
63f7a3efa5b4d0027e3185f0,40,Accuracy,Varying,5.960478935255218,1.5862605150892677
63fa2287bd13de487b3d7393,57,Speed,Fixed,1.8082604627740628,0.396229839506292
63fa2287bd13de487b3d7393,57,Speed,Varying,2.1035029221261374,0.3551930015167466
63fa2287bd13de487b3d7393,57,Accuracy,Fixed,2.5691013428069134,1.1391247325590945
63fa2287bd13de487b3d7393,57,Accuracy,Varying,2.3550653921417117,0.959367442058285
63fcde3494055a563c72cb12,76,Speed,Fixed,0.8468806399725508,0.5193722585034658
63fcde3494055a563c72cb12,76,Speed,Varying,1.259540431779852,0.37034069712867257
63fcde3494055a563c72cb12,76,Accuracy,Fixed,1.6812763438250442,0.5467667821438252
63fcde3494055a563c72cb12,76,Accuracy,Varying,1.3904454580422,0.35896456288139156
64050cfd151bc9945fd3eac9,60,Speed,Fixed,2.6435550981992852,0.6992827122790262
64050cfd151bc9945fd3eac9,60,Speed,Varying,2.4635177301038444,0.7167963131455122
64050cfd151bc9945fd3eac9,60,Accuracy,Fixed,2.534726757402967,0.8194369387114022
64050cfd151bc9945fd3eac9,60,Accuracy,Varying,2.357923051279468,0.7439172277335528
640606633093306c279c0b97,52,Speed,Fixed,1.4078961288705942,0.5073701834987618
640606633093306c279c0b97,52,Speed,Varying,1.5500752538661509,0.4645669667900688
640606633093306c279c0b97,52,Accuracy,Fixed,3.0500358735406015,1.7631773756366813
640606633093306c279c0b97,52,Accuracy,Varying,3.460552083108514,1.5162998946809207
6406d015ad2a96ceef1f86cc,73,Speed,Fixed,2.275792907801298,0.8531020213605058
6406d015ad2a96ceef1f86cc,73,Speed,Varying,1.963626928347262,0.8030753758704721
6406d015ad2a96ceef1f86cc,73,Accuracy,Fixed,2.516241819645553,0.7517048801000294
6406d015ad2a96ceef1f86cc,73,Accuracy,Varying,2.2500450345903493,0.9142890278856881
64071f8576c48034c00df845,69,Speed,Fixed,1.4070131714225453,0.6559082252004088
64071f8576c48034c00df845,69,Speed,Varying,1.367748013205606,0.8902510929443918
64071f8576c48034c00df845,69,Accuracy,Fixed,2.158648159389995,1.7383619018216159
64071f8576c48034c00df845,69,Accuracy,Varying,1.4619708048516584,1.4064642917170769
640bb9ea594c3fb80a4be5fb,49,Speed,Fixed,2.466204029113819,1.432112057445171
640bb9ea594c3fb80a4be5fb,49,Speed,Varying,1.6130152358032361,1.0856195701668363
640bb9ea594c3fb80a4be5fb,49,Accuracy,Fixed,2.651504508888647,1.463091843730846
640bb9ea594c3fb80a4be5fb,49,Accuracy,Varying,1.9188601465582427,1.2094563111441983
6413c7853eba2b2215197ff4,68,Speed,Fixed,3.6579307187385566,1.2991582903651748
6413c7853eba2b2215197ff4,68,Speed,Varying,3.6916985356151586,1.482144239743282
6413c7853eba2b2215197ff4,68,Accuracy,Fixed,3.4454113724231097,1.2654254897546289
6413c7853eba2b2215197ff4,68,Accuracy,Varying,3.3806540019123115,1.4083579796661403
64187118501afa8d9e65d63b,25,Speed,Fixed,2.0846084823810185,0.6800054615535742
64187118501afa8d9e65d63b,25,Speed,Varying,2.447445123035959,0.8321691904724922
64187118501afa8d9e65d63b,25,Accuracy,Fixed,2.689982397729348,1.0513108212137627
64187118501afa8d9e65d63b,25,Accuracy,Varying,2.7675765378486843,0.9903898016326359
6428f7ac297e312f7262d93b,59,Speed,Fixed,1.3050542895383779,0.447524816511961
6428f7ac297e312f7262d93b,59,Speed,Varying,0.8234292923736496,0.5235102319501391
6428f7ac297e312f7262d93b,59,Accuracy,Fixed,2.360890574047388,1.886132922674695
6428f7ac297e312f7262d93b,59,Accuracy,Varying,2.2590624491075726,1.459181169009643
64345bf16b9a2e046128887f,71,Speed,Fixed,3.3875134080250833,1.2619574828308293
64345bf16b9a2e046128887f,71,Speed,Varying,4.391383958838586,1.7230661955635722
64345bf16b9a2e046128887f,71,Accuracy,Fixed,3.5837859025644017,1.6102321347368171
64345bf16b9a2e046128887f,71,Accuracy,Varying,3.8256910412242395,1.5824279562434405
64394a1454202dfbace21e90,49,Speed,Fixed,2.522902897237284,1.2039945428238739
64394a1454202dfbace21e90,49,Speed,Varying,2.9702994526010587,1.3775380631306897
64394a1454202dfbace21e90,49,Accuracy,Fixed,2.656810461011754,1.2612608727201524
64394a1454202dfbace21e90,49,Accuracy,Varying,2.404400991908636,1.0264521748257975
64467092479723cb7906e371,67,Speed,Fixed,2.904057265953701,0.8042709778703191
64467092479723cb7906e371,67,Speed,Varying,3.6110199009448665,0.8085770370055646
64467092479723cb7906e371,67,Accuracy,Fixed,3.2078895513704455,0.8145598765574361
64467092479723cb7906e371,67,Accuracy,Varying,3.4483997056513016,0.8377843072999197
6449707327ff66156c264c6f,59,Speed,Fixed,2.2554435064798746,0.6108111252715742
6449707327ff66156c264c6f,59,Speed,Varying,2.6966184081379527,0.7460315297466169
6449707327ff66156c264c6f,59,Accuracy,Fixed,2.569616843191784,0.9555873839041809
6449707327ff66156c264c6f,59,Accuracy,Varying,2.448037885006431,0.881286885309847
64527892acde0fbd392a41d6,65,Speed,Fixed,2.3781824354611323,1.1321340612182582
64527892acde0fbd392a41d6,65,Speed,Varying,2.9449770359980376,1.2376452214382798
64527892acde0fbd392a41d6,65,Accuracy,Fixed,3.036293596602167,1.197132423506401
64527892acde0fbd392a41d6,65,Accuracy,Varying,2.892106817911109,1.0327754978148818
6455616c0fe23ecca70ce1b9,66,Speed,Fixed,2.91623831609932,1.2240677194937908
6455616c0fe23ecca70ce1b9,66,Speed,Varying,3.1103155527777275,1.3746346117511712
6455616c0fe23ecca70ce1b9,66,Accuracy,Fixed,3.1767468891164476,1.5046226012901907
6455616c0fe23ecca70ce1b9,66,Accuracy,Varying,3.338044600481015,1.6260478221147079
6462477ceb093758f41d42e9,56,Speed,Fixed,1.3855455047529106,0.4776674960753901
6462477ceb093758f41d42e9,56,Speed,Varying,1.6922564756214133,0.31956907572416743
6462477ceb093758f41d42e9,56,Accuracy,Fixed,3.153367154236804,1.662886684159202
6462477ceb093758f41d42e9,56,Accuracy,Varying,2.937670895630222,1.2370508213519855
64626b7afedc6a67a08dec52,67,Speed,Fixed,2.735147948387895,1.341504886954426
64626b7afedc6a67a08dec52,67,Speed,Varying,2.5415625497394387,1.1456000095129046
64626b7afedc6a67a08dec52,67,Accuracy,Fixed,3.4840905339270405,1.7372948052111234
64626b7afedc6a67a08dec52,67,Accuracy,Varying,2.8790740816541156,1.3338211643844522
6462ad7a6af483d279eefb98,50,Speed,Fixed,1.3476144437906856,0.42305593043098105
6462ad7a6af483d279eefb98,50,Speed,Varying,1.5539452071278963,0.4532603657740952
6462ad7a6af483d279eefb98,50,Accuracy,Fixed,2.021880075088466,1.1069899584231282
6462ad7a6af483d279eefb98,50,Accuracy,Varying,2.209247066702979,0.9853027113942242
646691e373f0424399e2de28,63,Speed,Fixed,3.1937063020586347,1.1004123459578374
646691e373f0424399e2de28,63,Speed,Varying,2.7325007937567154,1.0757102725077319
646691e373f0424399e2de28,63,Accuracy,Fixed,3.062721155659612,1.113202688403795
646691e373f0424399e2de28,63,Accuracy,Varying,2.516227723361726,1.002868997563768
6467c9e2d169d6933ecdb639,53,Speed,Fixed,2.881829119301376,1.0704105931859347
6467c9e2d169d6933ecdb639,53,Speed,Varying,2.636151458773075,1.0941233886901809
6467c9e2d169d6933ecdb639,53,Accuracy,Fixed,3.3825212160002933,1.3647250666438417
6467c9e2d169d6933ecdb639,53,Accuracy,Varying,2.528795685530095,1.1114793289103766
646b776eca37542a899c1de5,57,Speed,Fixed,1.6149557956960452,1.0292722378793588
646b776eca37542a899c1de5,57,Speed,Varying,3.129297935982546,1.9656162155354433
646b776eca37542a899c1de5,57,Accuracy,Fixed,2.1518331673840185,0.957769035835623
646b776eca37542a899c1de5,57,Accuracy,Varying,2.693176869031083,1.2250267155054158
646d3710dea5554a4b83d2a2,73,Speed,Fixed,1.2187476951798557,0.5438426856617834
646d3710dea5554a4b83d2a2,73,Speed,Varying,1.7739140698696791,0.4636024057016866
646d3710dea5554a4b83d2a2,73,Accuracy,Fixed,1.9938838862615726,1.0928642990672999
646d3710dea5554a4b83d2a2,73,Accuracy,Varying,2.0971040545230335,0.9828104831011772
647287f051cab7142b9ca9bf,52,Speed,Fixed,1.5525636158803062,0.9869883695447434
647287f051cab7142b9ca9bf,52,Speed,Varying,3.0502586881900995,1.6543319657981066
647287f051cab7142b9ca9bf,52,Accuracy,Fixed,3.0386551199465717,1.483955891487575
647287f051cab7142b9ca9bf,52,Accuracy,Varying,2.999791560181045,1.4703352777596768
6476c9f4663c454f80fc60c8,52,Speed,Fixed,2.864496596600672,0.978978928248417
6476c9f4663c454f80fc60c8,52,Speed,Varying,2.6441096566754396,0.7630816342053864
6476c9f4663c454f80fc60c8,52,Accuracy,Fixed,2.7666166133219487,0.7135746030291629
6476c9f4663c454f80fc60c8,52,Accuracy,Varying,2.717802422631051,0.7256868167711003
64898a37c96a3194c71730b2,53,Speed,Fixed,4.115681558823811,1.2707658157088564
64898a37c96a3194c71730b2,53,Speed,Varying,2.9074098103085793,0.8018748433596663
64898a37c96a3194c71730b2,53,Accuracy,Fixed,4.7448434450394785,1.1596005520247203
64898a37c96a3194c71730b2,53,Accuracy,Varying,4.076968608246123,0.9881568021777354
64921fc8c813049f1fd29b47,62,Speed,Fixed,1.4216608962777428,0.43804566253681865
64921fc8c813049f1fd29b47,62,Speed,Varying,1.3636825561896564,0.4703975904163368
64921fc8c813049f1fd29b47,62,Accuracy,Fixed,3.1464954530591007,1.7407651871313037
64921fc8c813049f1fd29b47,62,Accuracy,Varying,2.781929880480124,1.4837591741049303
649b2106b81f8dcf5d163ee5,78,Speed,Fixed,1.1247170367916262,1.1086636097667868
649b2106b81f8dcf5d163ee5,78,Speed,Varying,2.1750397600708475,2.25908866153321
649b2106b81f8dcf5d163ee5,78,Accuracy,Fixed,2.243882327046416,2.023735437295121
649b2106b81f8dcf5d163ee5,78,Accuracy,Varying,2.4186799195027167,2.0713629033127496
64a281f78c5be10f0f28e3ac,65,Speed,Fixed,2.260777592101672,1.5995177373065526
64a281f78c5be10f0f28e3ac,65,Speed,Varying,2.645522497629383,1.4296157136645962
64a281f78c5be10f0f28e3ac,65,Accuracy,Fixed,2.662991230669855,1.8469109628499216
64a281f78c5be10f0f28e3ac,65,Accuracy,Varying,2.833639817800688,1.6152145959149455
64d50be2a6946343b620b6c4,52,Speed,Fixed,2.9392894770389093,1.1423311227498498
64d50be2a6946343b620b6c4,52,Speed,Varying,3.329098991677932,1.1710014545470906
64d50be2a6946343b620b6c4,52,Accuracy,Fixed,3.4228701714323115,1.1944966253290725
64d50be2a6946343b620b6c4,52,Accuracy,Varying,3.4838093049875454,1.0745277318425668
64d523f4ad7f5e602c479ad1,54,Speed,Fixed,3.7336393760762934,1.1805630341161801
64d523f4ad7f5e602c479ad1,54,Speed,Varying,3.331870497571311,1.2071327476635487
64d523f4ad7f5e602c479ad1,54,Accuracy,Fixed,4.1048001276695505,1.3582224089707686
64d523f4ad7f5e602c479ad1,54,Accuracy,Varying,3.312794082480431,1.3691068046495671
64e36d981d00e7d7c45addc2,49,Speed,Fixed,1.9301456903425704,0.6355622613999755
64e36d981d00e7d7c45addc2,49,Speed,Varying,2.223366511099557,0.40469020545486206
64e36d981d00e7d7c45addc2,49,Accuracy,Fixed,3.1737583471676327,0.9817870580509601
64e36d981d00e7d7c45addc2,49,Accuracy,Varying,4.023423811880774,1.1549882273291119
6509dae7b4546ad7146fd4ee,52,Speed,Fixed,2.3270944542523972,0.898711828044091
6509dae7b4546ad7146fd4ee,52,Speed,Varying,3.55431406872024,1.6009829447291746
6509dae7b4546ad7146fd4ee,52,Accuracy,Fixed,2.732942273940563,1.280997966666492
6509dae7b4546ad7146fd4ee,52,Accuracy,Varying,3.3175916212632206,1.6823596391232813
650b6a4edc2b618a85e5cdf8,55,Speed,Fixed,2.5624037434009304,0.965422868419542
650b6a4edc2b618a85e5cdf8,55,Speed,Varying,2.7174787721354607,0.9551959614833556
650b6a4edc2b618a85e5cdf8,55,Accuracy,Fixed,3.7417619177281547,0.9783580893437656
650b6a4edc2b618a85e5cdf8,55,Accuracy,Varying,3.7587076012292475,0.7531512970281293
650c3f3a36d72f87324d708f,53,Speed,Fixed,2.847986278874064,0.9359885221886981
650c3f3a36d72f87324d708f,53,Speed,Varying,2.8776113000599377,0.8879727150795305
650c3f3a36d72f87324d708f,53,Accuracy,Fixed,2.989767729806161,1.201429473582611
650c3f3a36d72f87324d708f,53,Accuracy,Varying,3.220763923582412,1.105295240950896
650da967bd0f006226aa1d7a,53,Speed,Fixed,1.0545801580407665,0.8800509468498396
650da967bd0f006226aa1d7a,53,Speed,Varying,2.6868460652683184,1.7475794959191746
650da967bd0f006226aa1d7a,53,Accuracy,Fixed,2.759513614604765,1.1938161616439604
650da967bd0f006226aa1d7a,53,Accuracy,Varying,3.2219630085710285,1.413885586313893
6518cf249463264599a7918d,52,Speed,Fixed,2.5302796830242404,0.8074801342002053
6518cf249463264599a7918d,52,Speed,Varying,2.6714031956983573,0.6144331691512853
6518cf249463264599a7918d,52,Accuracy,Fixed,3.2341176483671634,1.2256793787990057
6518cf249463264599a7918d,52,Accuracy,Varying,3.25412535061198,0.9066295666508092
65198ba1126ba439e0d8f29f,42,Speed,Fixed,2.9809362743790375,0.7064535398883474
65198ba1126ba439e0d8f29f,42,Speed,Varying,2.8416185931706703,0.9116075983457608
65198ba1126ba439e0d8f29f,42,Accuracy,Fixed,3.9570991470512595,1.1617806968082607
65198ba1126ba439e0d8f29f,42,Accuracy,Varying,3.5754680666262297,1.1876763446459222
651af447dcee6525fe0ac08f,32,Speed,Fixed,2.505429781347895,0.9930356614917397
651af447dcee6525fe0ac08f,32,Speed,Varying,3.253733767297282,1.1605262859560936
651af447dcee6525fe0ac08f,32,Accuracy,Fixed,3.034763428994358,1.2165462984781052
651af447dcee6525fe0ac08f,32,Accuracy,Varying,3.079154669859167,1.194170978453356
651eb3bc379e71c4df3b95a7,41,Speed,Fixed,2.349900679001636,0.9480529952746534
651eb3bc379e71c4df3b95a7,41,Speed,Varying,2.976539511922665,1.3511878394313832
651eb3bc379e71c4df3b95a7,41,Accuracy,Fixed,2.7451381041802634,1.1069058635552247
651eb3bc379e71c4df3b95a7,41,Accuracy,Varying,3.206078111288792,1.3437910940456506
651ec2aa595edca002b3f6d8,52,Speed,Fixed,1.6288144940123814,0.464138977019135
651ec2aa595edca002b3f6d8,52,Speed,Varying,1.85230447307058,0.5344645779406261
651ec2aa595edca002b3f6d8,52,Accuracy,Fixed,2.4174478692494765,1.0165104865350474
651ec2aa595edca002b3f6d8,52,Accuracy,Varying,3.2650600516498582,1.3779335710071232
651eea44194fa8c200606af7,75,Speed,Fixed,2.791026912069027,1.2109374000590383
651eea44194fa8c200606af7,75,Speed,Varying,3.314631525274927,1.1901869105934764
651eea44194fa8c200606af7,75,Accuracy,Fixed,3.675255529924951,1.3513144554433625
651eea44194fa8c200606af7,75,Accuracy,Varying,3.852885916139858,1.242516158049149
6530254e79568ee55c08cf12,56,Speed,Fixed,2.830849089402231,1.2006034659095892
6530254e79568ee55c08cf12,56,Speed,Varying,2.105392495279543,1.0404052130371535
6530254e79568ee55c08cf12,56,Accuracy,Fixed,2.3725370975515174,1.1425130773616545
6530254e79568ee55c08cf12,56,Accuracy,Varying,2.4402946179243967,1.1179539505663678
65344ec64854d12a1baf93d6,53,Speed,Fixed,2.2684247347192117,1.123730126581287
65344ec64854d12a1baf93d6,53,Speed,Varying,2.446015097156453,1.021763539490442
65344ec64854d12a1baf93d6,53,Accuracy,Fixed,2.6645920734061,1.0823318702742686
65344ec64854d12a1baf93d6,53,Accuracy,Varying,2.5190399087441127,1.1180224101185021
653d24b26d450d5f684b5011,76,Speed,Fixed,1.4154920645014188,1.3116350635293519
653d24b26d450d5f684b5011,76,Speed,Varying,2.128182791928719,1.728670294202236
653d24b26d450d5f684b5011,76,Accuracy,Fixed,2.0920332804106567,1.4322482787645914
653d24b26d450d5f684b5011,76,Accuracy,Varying,2.2641523395892604,1.5433653613969667
654113b29db54ebe7243632a,75,Speed,Fixed,2.488335741404162,1.127605700300666
654113b29db54ebe7243632a,75,Speed,Varying,3.027866887396496,1.346300303547397
654113b29db54ebe7243632a,75,Accuracy,Fixed,2.473535155227696,1.4861042303144012
654113b29db54ebe7243632a,75,Accuracy,Varying,3.2159546697886134,1.2922938132495714
6543abd612dc7fc77f466814,49,Speed,Fixed,4.1297475266974155,1.1094757057170042
6543abd612dc7fc77f466814,49,Speed,Varying,4.341555665660292,1.143925456762764
6543abd612dc7fc77f466814,49,Accuracy,Fixed,3.7669057263613213,1.215688691093245
6543abd612dc7fc77f466814,49,Accuracy,Varying,3.841734184475594,1.0852630184727956
6543baa88cbed050558764dd,37,Speed,Fixed,2.3521962194848127,1.0472096195985414
6543baa88cbed050558764dd,37,Speed,Varying,2.314517605914282,1.256988862023003
6543baa88cbed050558764dd,37,Accuracy,Fixed,2.538859422676306,1.364631270292917
6543baa88cbed050558764dd,37,Accuracy,Varying,2.392889608431328,1.4880324381310568
65450acb15b86368927f3f7f,73,Speed,Fixed,1.4109907667896486,0.5076315094474746
65450acb15b86368927f3f7f,73,Speed,Varying,1.7547334118595685,0.427997051038175
65450acb15b86368927f3f7f,73,Accuracy,Fixed,2.5762713388701926,1.771991298683219
65450acb15b86368927f3f7f,73,Accuracy,Varying,2.49368913141366,1.4948119529319372
65465c5bc5a014ec683d55cf,40,Speed,Fixed,2.0233940953445506,0.5687141107638014
65465c5bc5a014ec683d55cf,40,Speed,Varying,3.4128498413723176,1.5563252231281193
65465c5bc5a014ec683d55cf,40,Accuracy,Fixed,4.379819898851524,1.0953851996554453
65465c5bc5a014ec683d55cf,40,Accuracy,Varying,4.802361639402493,1.3820943273938204
6547e7cd0511efc35646ac76,22,Speed,Fixed,1.4078618204208881,0.3099945694474027
6547e7cd0511efc35646ac76,22,Speed,Varying,1.4856227416460612,0.4184945993546069
6547e7cd0511efc35646ac76,22,Accuracy,Fixed,2.8812292325382316,0.8717696854731698
6547e7cd0511efc35646ac76,22,Accuracy,Varying,3.441771782402257,1.13830457835198
6552428b01eebb19576c567d,71,Speed,Fixed,0.04948728909497992,0.9335563947281458
6552428b01eebb19576c567d,71,Speed,Varying,-0.042422050113222656,1.0848630968167743
6552428b01eebb19576c567d,71,Accuracy,Fixed,-0.009062853929658034,0.899830802553805
6552428b01eebb19576c567d,71,Accuracy,Varying,-0.012932986776561635,0.9856280591471347
655622d420556b53d5b1a654,60,Speed,Fixed,0.9740737780155208,0.6974111827328433
655622d420556b53d5b1a654,60,Speed,Varying,1.6754297975832182,2.4765639001956425
655622d420556b53d5b1a654,60,Accuracy,Fixed,1.8522092277988946,1.518895869819041
655622d420556b53d5b1a654,60,Accuracy,Varying,2.26832342019386,2.9887421179478952
655727ebfca43fc335260382,71,Speed,Fixed,2.5195457510476955,0.9885535247691741
655727ebfca43fc335260382,71,Speed,Varying,2.397270907109467,1.1557661742773007
655727ebfca43fc335260382,71,Accuracy,Fixed,3.122723883078319,1.357372710880813
655727ebfca43fc335260382,71,Accuracy,Varying,2.7426091818318388,1.2563193008822806
6558cfb5dea00c262887d792,71,Speed,Fixed,1.3202715385964747,1.2636281696835807
6558cfb5dea00c262887d792,71,Speed,Varying,2.4877598709271176,1.143695416433137
6558cfb5dea00c262887d792,71,Accuracy,Fixed,1.6326140220729195,1.2829996214335342
6558cfb5dea00c262887d792,71,Accuracy,Varying,2.2929457762955425,1.1597890234823236
655cc974613aec120f21293b,24,Speed,Fixed,2.688775957474419,0.7502135207241679
655cc974613aec120f21293b,24,Speed,Varying,2.1008639969742933,0.7381063635088679
655cc974613aec120f21293b,24,Accuracy,Fixed,2.6673672067258143,0.8309913174666322
655cc974613aec120f21293b,24,Accuracy,Varying,2.6370890660559234,0.8838540183153313
655f8e10ad0a87d538a94f9f,20,Speed,Fixed,1.9214744235880334,0.8129773943702019
655f8e10ad0a87d538a94f9f,20,Speed,Varying,1.8765272913847726,0.7929246196778958
655f8e10ad0a87d538a94f9f,20,Accuracy,Fixed,2.072460312457763,1.3605477152378356
655f8e10ad0a87d538a94f9f,20,Accuracy,Varying,1.8125804542934132,1.244364541403018
655fcf54056edf3065f74b91,19,Speed,Fixed,1.0105831137813648,0.7213085431484094
655fcf54056edf3065f74b91,19,Speed,Varying,2.0660132606600667,0.9465412832343101
655fcf54056edf3065f74b91,19,Accuracy,Fixed,2.484916674200442,1.1883414510515953
655fcf54056edf3065f74b91,19,Accuracy,Varying,2.5583325859285124,1.02228309047106
6562fbd1f6b4756ac64c4dbd,71,Speed,Fixed,2.338520798271264,1.012190355966497
6562fbd1f6b4756ac64c4dbd,71,Speed,Varying,2.256321882964979,1.13307011101353
6562fbd1f6b4756ac64c4dbd,71,Accuracy,Fixed,2.0606315100649875,1.0988329924980627
6562fbd1f6b4756ac64c4dbd,71,Accuracy,Varying,2.134839363566254,1.0196764193678067
6564b4871e2847cd44a52718,71,Speed,Fixed,1.2773210991658304,0.47003071442692945
6564b4871e2847cd44a52718,71,Speed,Varying,1.1466544111521055,0.49060612482099286
6564b4871e2847cd44a52718,71,Accuracy,Fixed,2.245286862430832,1.5892942446758962
6564b4871e2847cd44a52718,71,Accuracy,Varying,2.5512536222738595,1.5247742013492211
65675f2ae0bb2e4ecb9c539d,71,Speed,Fixed,2.33163595022854,0.7980788748236812
65675f2ae0bb2e4ecb9c539d,71,Speed,Varying,2.5641975326232633,0.8710888683488688
65675f2ae0bb2e4ecb9c539d,71,Accuracy,Fixed,3.117748287898705,0.9116626134311657
65675f2ae0bb2e4ecb9c539d,71,Accuracy,Varying,3.099019989224083,0.8833144601305961
6568ae9ae8820204f4956bf7,25,Speed,Fixed,2.2555851518246586,1.0614509734155801
6568ae9ae8820204f4956bf7,25,Speed,Varying,1.4317666333426833,0.6301275701590029
6568ae9ae8820204f4956bf7,25,Accuracy,Fixed,3.4206685214860992,1.0474361171533066
6568ae9ae8820204f4956bf7,25,Accuracy,Varying,3.269915502979989,1.0137332500335896
656cc02d2d90244628b27e09,20,Speed,Fixed,2.4116360342720933,1.3397241311632528
656cc02d2d90244628b27e09,20,Speed,Varying,2.592821193076201,1.3036143884167426
656cc02d2d90244628b27e09,20,Accuracy,Fixed,3.02783179739221,1.622419691808526
656cc02d2d90244628b27e09,20,Accuracy,Varying,2.8551117300576356,1.556932749213295
656ef3d7b2b73a79429aec67,39,Speed,Fixed,2.002373775111121,0.8999576319506991
656ef3d7b2b73a79429aec67,39,Speed,Varying,1.8638954335407272,1.0840821164156031
656ef3d7b2b73a79429aec67,39,Accuracy,Fixed,2.3400142309034395,1.2420274036844983
656ef3d7b2b73a79429aec67,39,Accuracy,Varying,2.40093619515076,1.245447685920085
6571af52592a29d0854f366e,38,Speed,Fixed,1.078595238498155,1.2069671025219655
6571af52592a29d0854f366e,38,Speed,Varying,1.225591962486864,0.521641059437553
6571af52592a29d0854f366e,38,Accuracy,Fixed,2.271512380487063,1.7165909345059513
6571af52592a29d0854f366e,38,Accuracy,Varying,2.3660597942400066,1.39771123959413
6574bd9b9b3c601d1c28500f,28,Speed,Fixed,3.593494867580376,1.3236508448565878
6574bd9b9b3c601d1c28500f,28,Speed,Varying,3.3483602378541253,1.0685328941869103
6574bd9b9b3c601d1c28500f,28,Accuracy,Fixed,3.344018863404327,1.3695008348058477
6574bd9b9b3c601d1c28500f,28,Accuracy,Varying,3.138303761483346,1.3283854587039128
6575fb1c1a04b30cfb2832d5,21,Speed,Fixed,2.194230710366369,0.9366541807942934
6575fb1c1a04b30cfb2832d5,21,Speed,Varying,2.6695609006796075,1.303472768884502
6575fb1c1a04b30cfb2832d5,21,Accuracy,Fixed,2.476796756762212,1.4498469632663435
6575fb1c1a04b30cfb2832d5,21,Accuracy,Varying,2.994952711972512,1.481175961194099
6578c0ce1348ad8e79a65d0b,21,Speed,Fixed,1.8472602529771078,0.9281172748990133
6578c0ce1348ad8e79a65d0b,21,Speed,Varying,2.258192971691574,0.9630707408307674
6578c0ce1348ad8e79a65d0b,21,Accuracy,Fixed,1.7947394364921208,1.257858370561293
6578c0ce1348ad8e79a65d0b,21,Accuracy,Varying,2.570359819777282,1.13161383936075
657cbd52949ddd9d3426dbba,71,Speed,Fixed,4.108213117660618,1.2586196186769942
657cbd52949ddd9d3426dbba,71,Speed,Varying,2.982656250836774,0.905931674374939
657cbd52949ddd9d3426dbba,71,Accuracy,Fixed,4.3865416194053655,1.305908959415622
657cbd52949ddd9d3426dbba,71,Accuracy,Varying,3.3026182494664793,1.0331848658073552
659d5714dc9577f554cf1385,73,Speed,Fixed,2.4977225229729476,0.9692822860171131
659d5714dc9577f554cf1385,73,Speed,Varying,1.5284781147266373,1.0634129270419903
659d5714dc9577f554cf1385,73,Accuracy,Fixed,2.3764626558609705,1.0855736975172139
659d5714dc9577f554cf1385,73,Accuracy,Varying,1.5049850725969272,0.967776671032569
659f14a1a119daa53162b173,71,Speed,Fixed,1.043268860965448,0.565113128881296
659f14a1a119daa53162b173,71,Speed,Varying,0.6093562635167862,0.6563178676470166
659f14a1a119daa53162b173,71,Accuracy,Fixed,1.445525671801009,1.1894256075760656
659f14a1a119daa53162b173,71,Accuracy,Varying,0.8470113436033784,0.6861299409705791
65aa855a8692cf702bea521a,88,Speed,Fixed,1.2941533068638125,0.4364787813601273
65aa855a8692cf702bea521a,88,Speed,Varying,1.1312970660498365,0.5469242133257386
65aa855a8692cf702bea521a,88,Accuracy,Fixed,3.0146873996750956,1.0996306382125312
65aa855a8692cf702bea521a,88,Accuracy,Varying,2.1490098261450163,0.9166399032716183
65aaf74b028a4828c08a4630,78,Speed,Fixed,1.0327562569374642,1.114196782788941
65aaf74b028a4828c08a4630,78,Speed,Varying,2.0852355430062994,1.1967554853899771
65aaf74b028a4828c08a4630,78,Accuracy,Fixed,2.04245939572775,1.2121903197077764
65aaf74b028a4828c08a4630,78,Accuracy,Varying,2.0827504910309105,1.2129132991451503
65b7cd609e8e7e53fb113123,42,Speed,Fixed,1.5426449494686263,0.3101022309444842
65b7cd609e8e7e53fb113123,42,Speed,Varying,1.6373135568319948,0.299274836840407
65b7cd609e8e7e53fb113123,42,Accuracy,Fixed,2.8100506843261153,1.2980047788229718
65b7cd609e8e7e53fb113123,42,Accuracy,Varying,3.5183431155553127,1.3342102014081247
65c14cbb9ede56944d5a10cf,38,Speed,Fixed,3.3182429444519075,0.9738006472982167
65c14cbb9ede56944d5a10cf,38,Speed,Varying,3.389443991415493,1.0272250001309993
65c14cbb9ede56944d5a10cf,38,Accuracy,Fixed,3.878783305887012,1.3665537628532096
65c14cbb9ede56944d5a10cf,38,Accuracy,Varying,3.577177523188009,1.1658164767724828
65c240c5fae466a93e7a7f68,83,Speed,Fixed,1.058981276051906,0.9354949069465677
65c240c5fae466a93e7a7f68,83,Speed,Varying,2.339740561860242,1.987302213701011
65c240c5fae466a93e7a7f68,83,Accuracy,Fixed,2.8343349315749786,1.4718915894164273
65c240c5fae466a93e7a7f68,83,Accuracy,Varying,2.381824321792338,1.500597239707835
65c3c8139373654ebcc74d3b,51,Speed,Fixed,0.9401614747179899,0.6908507005511965
65c3c8139373654ebcc74d3b,51,Speed,Varying,1.9647191342635555,1.4227521375349999
65c3c8139373654ebcc74d3b,51,Accuracy,Fixed,2.003824496514893,1.0145797077057028
65c3c8139373654ebcc74d3b,51,Accuracy,Varying,2.0515098593775103,1.0917132629575899
65cee11fd5cb921a108c988d,45,Speed,Fixed,2.381650950324349,0.9504356471014436
65cee11fd5cb921a108c988d,45,Speed,Varying,2.837898342749709,0.813382680550247
65cee11fd5cb921a108c988d,45,Accuracy,Fixed,3.022025088584116,1.309548706780656
65cee11fd5cb921a108c988d,45,Accuracy,Varying,3.2877802692518716,1.3128708002320588
