subject,age,condition,v,a
5513256cfdf99b1607b1f47b,32,Speed,2.058928258784112,0.2919924224121871
5513256cfdf99b1607b1f47b,32,Accuracy,2.7726055164356986,0.9395232767174723
55899b8dfdf99b7ae47f5fa4,65,Speed,3.0267131119525614,1.3966466238801978
55899b8dfdf99b7ae47f5fa4,65,Accuracy,3.0168504151745537,1.5397075592161782
55900dcffdf99b3f7aada3f5,73,Speed,2.508918363895058,1.4403017210252196
55900dcffdf99b3f7aada3f5,73,Accuracy,2.7557375318314086,1.5235823030016464
55ad7888fdf99b6eff50171d,63,Speed,2.4871086633840145,0.9951213498148863
55ad7888fdf99b6eff50171d,63,Accuracy,3.76605223156095,1.1646699306248398
55b6d0a4fdf99b437183f9b5,62,Speed,2.954830950132838,1.1614191043005124
55b6d0a4fdf99b437183f9b5,62,Accuracy,3.312020366837062,1.1737109514072677
55d4cb9158c35800113dc22e,43,Speed,3.3361023603844173,0.7606524584401247
55d4cb9158c35800113dc22e,43,Accuracy,4.009474915663162,0.730687565138615
55d86f3569dbc30012b6869f,34,Speed,2.4081005168683047,0.8542771371293275
55d86f3569dbc30012b6869f,34,Accuracy,3.0377559371102283,1.0652477823557904
56caf7b564c068000c4d798a,42,Speed,2.512397853345067,0.6675143774852139
56caf7b564c068000c4d798a,42,Accuracy,3.5535478903669735,1.168860302004324
56f2a5e0ed0cf6000691320b,74,Speed,2.2350897432357173,1.0018270611872164
56f2a5e0ed0cf6000691320b,74,Accuracy,2.7881458917073547,1.5161813863211908
58189c1f883c8800010ee630,50,Speed,1.9084488876132584,1.0636398058056968
58189c1f883c8800010ee630,50,Accuracy,2.262770690832998,1.104660539189483
58b2338a898c2e0001a5ca56,62,Speed,1.972757625140414,1.024514006669127
58b2338a898c2e0001a5ca56,62,Accuracy,3.0250815621563283,1.0178884924367082
598ba20f716a2c000187ce01,52,Speed,3.0907429128524013,0.6492440142610366
598ba20f716a2c000187ce01,52,Accuracy,4.704529776246153,1.3130185860218468
59c41e340c5fc800011940f3,59,Speed,1.7816236481105185,0.5220551694281843
59c41e340c5fc800011940f3,59,Accuracy,4.254130445633094,1.318979413204628
59e62b6277860e0001512e14,70,Speed,1.5653266007055946,1.0765030978268197
59e62b6277860e0001512e14,70,Accuracy,2.5190661635844855,1.2419674141867896
5a5d0554ac562400015402dd,63,Speed,1.1829825633778492,0.5661672365702066
5a5d0554ac562400015402dd,63,Accuracy,2.1631405550905765,1.1968731904458854
5a7a88b1f1408d0001761d2d,46,Speed,2.782972914357318,1.2064387435871016
5a7a88b1f1408d0001761d2d,46,Accuracy,2.562008499707477,1.2100290263420068
5ab9d6b0e734400001d9b76a,56,Speed,2.1294582330775924,1.246301675630904
5ab9d6b0e734400001d9b76a,56,Accuracy,2.5225168479188955,1.6221802007535522
5add6b6aeb60400001536f2c,70,Speed,3.5562843584485937,1.0121296760568572
5add6b6aeb60400001536f2c,70,Accuracy,3.5192738057103106,1.129303067325458
5b180cd1db971600013d34cc,38,Speed,1.8882304046343639,0.7192340454207081
5b180cd1db971600013d34cc,38,Accuracy,2.7144731296236464,1.0948654913022924
5b4e482fb8b20a00015a9e2e,86,Speed,2.1107706171956306,0.9319180147787048
5b4e482fb8b20a00015a9e2e,86,Accuracy,2.579103197457966,1.1170756533641832
5ba4057af0741400010637b9,61,Speed,2.257330639217671,1.3792885199294773
5ba4057af0741400010637b9,61,Accuracy,3.294090269453345,1.6577365508947712
5bc934c69427200001dd4ef2,67,Speed,2.4969404332639287,1.147631930841415
5bc934c69427200001dd4ef2,67,Accuracy,2.865494078554343,1.1921182972879956
5bdc8d12b2fff7000189b6f8,72,Speed,2.2718183851990426,0.8133413561706516
5bdc8d12b2fff7000189b6f8,72,Accuracy,2.6461041247705173,1.117593157759069
5c03688d29abc00001991a3a,25,Speed,1.5134517573295343,0.3428784588726414
5c03688d29abc00001991a3a,25,Accuracy,2.9516864748254603,0.8319415260690273
5c0fcccc1f6f150001487111,60,Speed,1.2590341369643232,0.4348575385431552
5c0fcccc1f6f150001487111,60,Accuracy,3.1403320407734365,1.6387366934089533
5c19fd69e567460001839e98,70,Speed,2.111122944112101,1.418317754592643
5c19fd69e567460001839e98,70,Accuracy,2.221608625872706,1.2501885319525603
5c1ffe5295f978000173df84,65,Speed,1.4973761096845974,0.4566827141703504
5c1ffe5295f978000173df84,65,Accuracy,3.07441685459322,1.3300490186835054
5c330cefca23620001b262b1,58,Speed,3.2137494234042308,1.0844927203371466
5c330cefca23620001b262b1,58,Accuracy,3.289495828656629,1.1282700080675234
5c40134b1580e900012320ab,43,Speed,2.8914881311503278,0.8628856268724376
5c40134b1580e900012320ab,43,Accuracy,2.873098342976296,1.2277614157099763
5c567e2acc53750001751cb0,75,Speed,2.413746614106444,1.4867048003425942
5c567e2acc53750001751cb0,75,Accuracy,3.7445920561867703,1.66968473935843
5c59e6519dd64d00018adaa8,24,Speed,1.0804565118759237,0.5439497199862559
5c59e6519dd64d00018adaa8,24,Accuracy,1.4368370743840138,1.4410946063579924
5c6e3a445d427900014b360c,33,Speed,1.0574579130180388,0.4369693512356406
5c6e3a445d427900014b360c,33,Accuracy,2.861849423958651,1.548768397097536
5c6f2e7632cb70000169b490,47,Speed,3.085141394577357,1.1296673876547085
5c6f2e7632cb70000169b490,47,Accuracy,3.810400021809786,1.4679694974451405
5c7853cecad0dc0001e56ec5,43,Speed,1.9307823114540204,1.3072428903597535
5c7853cecad0dc0001e56ec5,43,Accuracy,2.3671920789108167,1.506744065474511
5c8f224c9d2bff0001867ce2,38,Speed,3.205519303652908,1.0183253615555108
5c8f224c9d2bff0001867ce2,38,Accuracy,3.3671348811243256,1.0842599967273903
5c90094e71f3100016181ea9,43,Speed,1.7971068644906292,0.799705499479596
5c90094e71f3100016181ea9,43,Accuracy,1.8939655221341685,0.8195275755308105
5cd34d42fe890a00174debb5,22,Speed,2.0237509312924526,0.6056763448149933
5cd34d42fe890a00174debb5,22,Accuracy,3.2807861972554253,1.174859431417153
5ce42b3454e33d001918923a,73,Speed,2.430355271840264,0.9445003620204523
5ce42b3454e33d001918923a,73,Accuracy,2.5321097714903718,0.9238985027172769
5cf3f7364bcc6400019d71fa,66,Speed,3.181483763631475,1.632011470626058
5cf3f7364bcc6400019d71fa,66,Accuracy,3.408131494194491,1.5782960568008413
5cf6150ce42af100015a90c4,53,Speed,2.7760361390153365,1.5027072311148872
5cf6150ce42af100015a90c4,53,Accuracy,3.465072242533573,1.293278748549787
5d0d3bc8f403080016411213,36,Speed,2.15806367781164,0.8138163172462697
5d0d3bc8f403080016411213,36,Accuracy,2.331099167664706,0.8124185199169688
5d41e832b0ca7200169d857e,85,Speed,2.0122476885110196,1.6257500134483227
5d41e832b0ca7200169d857e,85,Accuracy,2.724562888058276,1.3231533558810875
5d617ba9364f9a0019f1dac3,37,Speed,2.831604247709181,0.9510767832753865
5d617ba9364f9a0019f1dac3,37,Accuracy,3.064017419391505,1.1245344004757731
5d649652adc4e8001a2d258d,58,Speed,3.1969444774210447,1.4654847764467078
5d649652adc4e8001a2d258d,58,Accuracy,2.9423440745792226,1.519793900955531
5d75552566edbe0001356a20,66,Speed,2.6306399624654415,0.9196521478670433
5d75552566edbe0001356a20,66,Accuracy,3.265498732254024,1.198328580613207
5dcec32a367c6d000a4282c2,70,Speed,2.8370401507059295,0.9854462163689321
5dcec32a367c6d000a4282c2,70,Accuracy,3.5476017976133294,1.515726044667748
5df80710e297d55a34ee39f0,33,Speed,1.2393165319504682,0.4742666538083937
5df80710e297d55a34ee39f0,33,Accuracy,1.2869594940107754,0.7555664065211021
5e1a72b0d370f42ef4051dc1,24,Speed,2.769435231924322,0.747088205090824
5e1a72b0d370f42ef4051dc1,24,Accuracy,2.8462748650248253,1.1213274559687925
5e1fc8d45427912f6143b012,60,Speed,3.788337278313266,1.2468499571506673
5e1fc8d45427912f6143b012,60,Accuracy,4.413509805147127,1.3364413180614227
5e85088b3f06400f3f75e21f,35,Speed,4.4613839891080564,0.6703033998870102
5e85088b3f06400f3f75e21f,35,Accuracy,5.56497999363216,1.0245979796725062
5e8cf14c0bec230b335e060d,47,Speed,3.319087714602309,1.0348526018516877
5e8cf14c0bec230b335e060d,47,Accuracy,3.2966171795055694,1.0689423539274923
5e93e2a7a5de13720dffc7f9,46,Speed,3.191928930915795,1.0777729187019474
5e93e2a7a5de13720dffc7f9,46,Accuracy,3.1958030321915984,1.283728333786125
5e9e5208595cb12230f38262,46,Speed,2.1616609024916755,0.7955783978123233
5e9e5208595cb12230f38262,46,Accuracy,2.6682636768775456,1.268958699900861
5ea47bda5b1a9807ed89eb76,77,Speed,1.322168788171513,0.4305306035037436
5ea47bda5b1a9807ed89eb76,77,Accuracy,2.9533879528499707,1.4775145181227547
5eab09eb60ed4e0ae2dc694f,66,Speed,1.4781279686461621,0.31737600298639246
5eab09eb60ed4e0ae2dc694f,66,Accuracy,3.1454699345094506,1.407664542636594
5ebe015ae70ab70008895dbd,60,Speed,3.5167315733722644,0.9623470732654651
5ebe015ae70ab70008895dbd,60,Accuracy,3.2962263644574676,1.0060569560198314
5ec1c41a1f98090e8c119332,36,Speed,3.0233341249686405,0.7038552949132949
5ec1c41a1f98090e8c119332,36,Accuracy,3.6765546598519223,1.2990448282459082
5ef035131f1b2a546b44c391,72,Speed,3.8288346775879867,1.592592399791338
5ef035131f1b2a546b44c391,72,Accuracy,3.753674978373754,1.4488414427584129
5ef6308c40846d2dfca0b66a,50,Speed,2.1616683345826124,1.0620579825515204
5ef6308c40846d2dfca0b66a,50,Accuracy,2.4606667416067736,1.2195497729467015
5f1230c4f57b2f06e2465477,81,Speed,1.2800525124050117,0.5382588396678026
5f1230c4f57b2f06e2465477,81,Accuracy,2.0353179605051026,1.1628162449163368
5f2f86864fd821374b4367bc,29,Speed,1.318598195931778,0.6536096558213345
5f2f86864fd821374b4367bc,29,Accuracy,1.871745626263491,1.1117881906461153
5f4f93bcb46af5055714d433,57,Speed,1.5050822754523139,0.9385195820942537
5f4f93bcb46af5055714d433,57,Accuracy,2.255138604765141,1.718520781577298
5f52e45ad408d55fa156aa21,30,Speed,2.843395214763725,0.7141417192561891
5f52e45ad408d55fa156aa21,30,Accuracy,3.9264052827186466,1.6135763567356753
5f773334d74b082186824cac,44,Speed,2.2712957460351837,0.7227928989647637
5f773334d74b082186824cac,44,Accuracy,2.655512407028231,1.1446347382746733
5fb16308dc5973607fa3041c,60,Speed,2.8800567647554707,1.1443475121809372
5fb16308dc5973607fa3041c,60,Accuracy,3.138278488750164,1.340843646074264
5fb41cbb6ab13204137b931e,75,Speed,1.3809454504555536,0.4030426190739291
5fb41cbb6ab13204137b931e,75,Accuracy,3.336018316187391,1.4533588418488497
5fc803709e587e1295172443,52,Speed,3.197921364254301,0.8783911846547119
5fc803709e587e1295172443,52,Accuracy,3.2896065005293154,0.9341099139111713
5fd0ebb69497b30008547502,45,Speed,1.6167867689977315,0.7113631248621642
5fd0ebb69497b30008547502,45,Accuracy,2.711551089705246,1.003838088159864
5fde4292a4d8245990ada5bc,72,Speed,4.9445146023676765,1.0929722447631263
5fde4292a4d8245990ada5bc,72,Accuracy,4.781814844763995,1.0568415702595244
600b283694c55c15f17e744c,39,Speed,2.619096121550959,0.9422968790561582
600b283694c55c15f17e744c,39,Accuracy,2.725553663855267,1.060078578798304
6015ba06aa02256df4792d15,25,Speed,3.9397337535620474,1.3098373488365866
6015ba06aa02256df4792d15,25,Accuracy,3.386660158000058,1.1292202834574603
601c73af332e2d7ce9b9fe77,21,Speed,1.3030792360032806,1.3200463242918097
601c73af332e2d7ce9b9fe77,21,Accuracy,1.5319090763444405,1.4832906848444718
601dc4afec317f1e601e72c0,66,Speed,2.6161902945076467,1.3145838907190974
601dc4afec317f1e601e72c0,66,Accuracy,2.6082317795031256,1.38910394290949
60408842de0f31299ea0dadc,26,Speed,1.4616324911354488,0.4364433867397708
60408842de0f31299ea0dadc,26,Accuracy,2.5038828349005775,1.4517671246408959
6051536b3e81428095504b35,64,Speed,1.5396397932171062,0.40199058152562317
6051536b3e81428095504b35,64,Accuracy,2.574395930024554,1.2679640322157095
607c9f94cc974d4ea1dc22c8,67,Speed,1.0889008322952216,0.4213730411207753
607c9f94cc974d4ea1dc22c8,67,Accuracy,2.3303611605250065,1.1840919697875083
60a202f048762ada5381474a,52,Speed,1.1607107788401656,1.2317816478735595
60a202f048762ada5381474a,52,Accuracy,1.170419934308962,1.1611205175518973
60b18fbfb6c5d8edfaa5bed0,67,Speed,2.611956829883615,0.9441907884344937
60b18fbfb6c5d8edfaa5bed0,67,Accuracy,3.117471213294905,0.9524643739368467
60b9689dc626572895cb801b,42,Speed,2.6946172198949334,0.5473549453092157
60b9689dc626572895cb801b,42,Accuracy,4.142194860464854,0.860255947078421
60ba46dc6d46a68f1c0bc952,57,Speed,2.8968672465600056,0.9653013659282935
60ba46dc6d46a68f1c0bc952,57,Accuracy,3.6851092929516227,1.0696514418706216
60cd717e463162435e3b7d46,41,Speed,2.504848960653201,0.695477412197209
60cd717e463162435e3b7d46,41,Accuracy,2.5449348527333373,0.784140305454795
60dfd857e293a99dd577f4c8,66,Speed,1.0355046216995816,0.3883675032915438
60dfd857e293a99dd577f4c8,66,Accuracy,2.42379957482613,1.5550154710449702
60e269b58d238fbba93aed38,20,Speed,1.8376506259754284,0.9719894804253039
60e269b58d238fbba93aed38,20,Accuracy,2.038115241714081,1.284870332117308
60f1fa8f73bf9815c88dc8cb,50,Speed,2.58312466055483,1.4642925323035672
60f1fa8f73bf9815c88dc8cb,50,Accuracy,2.7541546848010237,1.4572237668523484
60f728553a37102574b585c4,69,Speed,2.0462836663713624,1.1056361816948734
60f728553a37102574b585c4,69,Accuracy,3.488952201657578,1.404973673110724
60f8760725c31a8e9cc7ce29,85,Speed,2.685614763379709,1.3847705562082488
60f8760725c31a8e9cc7ce29,85,Accuracy,3.294711719334349,1.4433905143614756
60fccb5af75e8814b578841c,23,Speed,2.955936454931237,1.0977757325587063
60fccb5af75e8814b578841c,23,Accuracy,2.904113967508005,1.2713234827964712
60fece35afedb0bdd821592a,45,Speed,2.8647964446630043,1.2856440088226138
60fece35afedb0bdd821592a,45,Accuracy,2.68929899923298,1.2770306248163408
60ff0201788cef38c8695833,25,Speed,2.1015062757127168,1.088166374818915
60ff0201788cef38c8695833,25,Accuracy,2.1749482617761484,1.2031856840220458
6100350440da7a959e9bdd22,22,Speed,3.3245270204802693,0.7439114861020115
6100350440da7a959e9bdd22,22,Accuracy,3.5653418257252576,1.050012918715915
610631ba860f21ac066946cf,22,Speed,2.109583024740452,1.0542704765901245
610631ba860f21ac066946cf,22,Accuracy,2.3384830020143887,1.3006366459548961
61081625938d8ffb2440498f,22,Speed,2.3361766484952606,1.1229472336423807
61081625938d8ffb2440498f,22,Accuracy,2.293926697242156,1.2719367270938011
610825130bf4669d1b167efe,22,Speed,2.785566197958044,0.773422645995653
610825130bf4669d1b167efe,22,Accuracy,4.0703035202583076,1.5086911293903942
610847fd403ae0217934a3a1,41,Speed,1.4185356098754796,0.3078845422955124
610847fd403ae0217934a3a1,41,Accuracy,2.959104106013203,1.1440236400957984
61095a37fbf7b13d6f7f2f5b,31,Speed,1.4866813855984913,0.4701178374161692
61095a37fbf7b13d6f7f2f5b,31,Accuracy,2.706178809644633,0.952565423495825
610c940475aedaf9c70a190e,69,Speed,2.0497798882406184,1.368939803584186
610c940475aedaf9c70a190e,69,Accuracy,2.3354254331845294,1.4966068127919705
611ac17a9d585411a2314882,23,Speed,1.5755983723712417,0.8653457690015229
611ac17a9d585411a2314882,23,Accuracy,2.263799663438988,1.14496635486991
611e99910d64a6ea6d18b0a6,45,Speed,2.013595097658343,0.8834033993023586
611e99910d64a6ea6d18b0a6,45,Accuracy,2.6648764789258728,1.0988633614131502
612e6569f68929afb886fb5c,24,Speed,2.637209901145132,0.5449843997279763
612e6569f68929afb886fb5c,24,Accuracy,2.669133657197281,0.9737396197721738
6130cdbb53f773b3125576a7,68,Speed,2.3514809282534728,1.2264068500005239
6130cdbb53f773b3125576a7,68,Accuracy,3.088022993650582,1.3284896906032995
613e002e81f4b2409b531dbd,24,Speed,1.6856425718176453,0.8516246955047105
613e002e81f4b2409b531dbd,24,Accuracy,2.22756556518782,1.1318167729077124
613ea8344b072de7f3ccb5dc,24,Speed,1.6175292228002036,1.3111569979475362
613ea8344b072de7f3ccb5dc,24,Accuracy,1.739389196050397,1.3701343929707193
614e32cf6eacf837eb9d5c48,80,Speed,1.1671087633633677,0.47770811930662554
614e32cf6eacf837eb9d5c48,80,Accuracy,1.4507454208095865,1.2019958970981863
61536cd5842e5b40639fa99b,61,Speed,2.312897138241394,1.4723271553110717
61536cd5842e5b40639fa99b,61,Accuracy,2.5302547242905,1.556328054751414
6155b9c45f96867d9d9631fd,30,Speed,1.026316866225794,0.4561045226383649
6155b9c45f96867d9d9631fd,30,Accuracy,2.906813611176081,1.290121652456295
6157a19a19a618c6119bf7d7,53,Speed,2.2006547936255982,0.9633374262172595
6157a19a19a618c6119bf7d7,53,Accuracy,2.8299141844278237,1.3011473878078637
615914a33224dc31f1045612,63,Speed,3.029197362943672,0.9915618964425215
615914a33224dc31f1045612,63,Accuracy,2.74444726586719,1.1078311562698335
615ce4d0388d7ca055118747,29,Speed,1.5467880048068388,0.9085263281433267
615ce4d0388d7ca055118747,29,Accuracy,2.521879719936285,1.374231573257775
615e1782e969d4939045c54f,33,Speed,1.4985196795650664,1.4637840061293015
615e1782e969d4939045c54f,33,Accuracy,2.001400813934203,1.127396249332639
6165af4b36cb3bae91f2e355,31,Speed,2.320336008694297,1.2279253479523449
6165af4b36cb3bae91f2e355,31,Accuracy,2.8644827511671282,1.1411825919041771
616604bed27acb2f4e2841a9,25,Speed,3.0325561844488265,1.0032593856668695
616604bed27acb2f4e2841a9,25,Accuracy,3.4935907323501825,1.6674247109165425
6171125c1d572c106f10824e,39,Speed,3.8052501241210037,1.1059560093559782
6171125c1d572c106f10824e,39,Accuracy,3.884372966176476,1.134187554601544
6172b85dcc19bffb22604f1b,32,Speed,2.941561700368918,0.8770282699667157
6172b85dcc19bffb22604f1b,32,Accuracy,2.9649973356234898,0.8578828140115412
622f847b881caa647e7ce207,67,Speed,1.966553318464067,0.7539888843360792
622f847b881caa647e7ce207,67,Accuracy,2.501605328286904,1.0846581956017374
627722a4b5a575a6023a3382,44,Speed,1.8163589117237673,0.8101204436880308
627722a4b5a575a6023a3382,44,Accuracy,2.221156872259104,0.9982810343997456
62858e3a433a7a27305f1992,71,Speed,2.6658428017914795,0.9782085957476477
62858e3a433a7a27305f1992,71,Accuracy,2.7157824797040697,1.0338700781796537
62879b859698ba45e6afa90f,69,Speed,3.2506697688620765,1.024377317281807
62879b859698ba45e6afa90f,69,Accuracy,3.031561295928925,1.2811269548157855
628804d2d0584458ddaafc0c,35,Speed,0.9746655127724225,0.9476306057922725
628804d2d0584458ddaafc0c,35,Accuracy,2.541241378427697,1.2090064882410436
628f572a2d1304a34b9e1a37,75,Speed,3.0029825348519297,0.9078403455449844
628f572a2d1304a34b9e1a37,75,Accuracy,3.3524109788747443,1.0789403048903925
62a9513ae9305607fd5af01a,60,Speed,2.548680185181783,1.3495565408033032
62a9513ae9305607fd5af01a,60,Accuracy,2.95195257958256,1.4731839265754316
62b601e089d3d1134aed066b,72,Speed,3.0427994395005293,0.7251216934356447
62b601e089d3d1134aed066b,72,Accuracy,3.348372382312576,0.8636602649378019
62bdadf07a2fd70b3257e791,31,Speed,1.6296715689847139,0.6239974073699539
62bdadf07a2fd70b3257e791,31,Accuracy,3.0958788857584683,1.2371499716894725
62cd9b920ed1b7c1648818d3,76,Speed,3.487721880928869,1.0477206584035126
62cd9b920ed1b7c1648818d3,76,Accuracy,3.6348857701534216,1.154774382124826
62df7fc27c9e824a7a774103,40,Speed,2.49571339398899,1.3695603818650468
62df7fc27c9e824a7a774103,40,Accuracy,2.8579521325389274,1.6263713192148261
62e05742fafd80b3f0c2e20b,22,Speed,1.385690995476965,1.4594412565228372
62e05742fafd80b3f0c2e20b,22,Accuracy,1.573479409973385,1.452827224382217
62f18c2d37a5f255f351b61d,49,Speed,2.9740088531751594,1.0373234294848115
62f18c2d37a5f255f351b61d,49,Accuracy,2.91822002089146,1.0303628480333238
62f269f2a7751126ffb96a4c,60,Speed,1.904103387993085,0.21895749644194704
62f269f2a7751126ffb96a4c,60,Accuracy,3.4210738816476436,1.072428462993815
62fcf3d9948e4a6a9623cce8,72,Speed,1.7087680351921788,0.39122471910743933
62fcf3d9948e4a6a9623cce8,72,Accuracy,4.116950398990467,1.2106158787156192
6318be45a49442eee3a88cb3,68,Speed,1.7209679437199799,0.4445488599551678
6318be45a49442eee3a88cb3,68,Accuracy,3.1138338383057804,1.0927167289157769
631b428359f449b8159625f8,36,Speed,2.3715446402799945,0.7026286369906746
631b428359f449b8159625f8,36,Accuracy,3.91615503000736,1.0256513351611802
631c26a9aca573805b1907d9,21,Speed,1.891254412740062,0.5011371521029593
631c26a9aca573805b1907d9,21,Accuracy,2.828934193376624,0.9187217956274012
631f1b608af38f654d2a3b1f,40,Speed,3.615900401327033,1.1479393728313319
631f1b608af38f654d2a3b1f,40,Accuracy,3.6079466843292085,1.1531045810426328
631f55697876499cef1a3ebb,63,Speed,2.3541130366537164,1.596877120933221
631f55697876499cef1a3ebb,63,Accuracy,2.630847658097344,1.6585731444090681
632651a9f1a00140dc2b9487,78,Speed,2.9223761427308306,1.082575844591686
632651a9f1a00140dc2b9487,78,Accuracy,2.8045055512641683,1.0985426517004242
632b5400bf46cdb11db9f588,26,Speed,3.453161706974292,0.834780900458091
632b5400bf46cdb11db9f588,26,Accuracy,3.6254780381563236,0.9700233471176953
632f7d0761bce49001d13953,40,Speed,0.839015671842404,0.7546150401481047
632f7d0761bce49001d13953,40,Accuracy,1.3489371529383287,2.0568441052785866
63378180a7bc5bc3427e8db0,70,Speed,2.360088096886026,1.1175206093284606
63378180a7bc5bc3427e8db0,70,Accuracy,2.5717219503806255,1.402591750503914
63480954af4c7db036aa6595,73,Speed,1.9998454238058039,1.1616147352960406
63480954af4c7db036aa6595,73,Accuracy,2.8820894854199595,1.2455682604662486
63617d69f2a3425296c8d89e,35,Speed,1.9387641529499804,1.0210156060820017
63617d69f2a3425296c8d89e,35,Accuracy,2.6196337730013277,1.1346971036699274
63626fe174f7db263a4aa8f2,50,Speed,2.367985976722048,1.459987225901703
63626fe174f7db263a4aa8f2,50,Accuracy,2.2825121402872233,1.7671555814482027
6365437b0637981c7666125b,86,Speed,1.6668082586044808,1.1586652636283785
6365437b0637981c7666125b,86,Accuracy,2.1566208281795776,1.1461788027982418
636acaf0ab9c76f449b54f2b,43,Speed,2.656785376443604,0.8038276283303589
636acaf0ab9c76f449b54f2b,43,Accuracy,2.7547538811878103,0.842470413985789
6373b943edc58781ec916dc9,49,Speed,1.6110156587612467,0.5069840321045773
6373b943edc58781ec916dc9,49,Accuracy,3.2335592904850965,0.8609652240335952
637656f618065b68614915b0,65,Speed,1.059718406990906,1.1570687610394734
637656f618065b68614915b0,65,Accuracy,1.7393474268120284,1.4664622045428257
6376916db0ae9a57d377d0d2,70,Speed,1.8329210281695858,0.552870770826008
6376916db0ae9a57d377d0d2,70,Accuracy,3.407139504056549,1.4027933581815748
6384e535ba619451063f5223,69,Speed,1.5823700022406817,0.7941946277561079
6384e535ba619451063f5223,69,Accuracy,2.793702165429763,1.22367345889894
638e4ace1c4a380ecc49932f,73,Speed,2.796799811419332,1.1407142009196196
638e4ace1c4a380ecc49932f,73,Accuracy,2.8138189659988035,1.1016744963896703
638fdf87700dd1228bade2e1,70,Speed,2.929925972929955,0.7766771860332258
638fdf87700dd1228bade2e1,70,Accuracy,3.0656507233738823,0.8611680731134985
639dc966f953a42bc397c24b,75,Speed,1.432686576331981,0.9936375631953478
639dc966f953a42bc397c24b,75,Accuracy,2.0898119240495032,1.1653952591021097
63ade94905e590dbf726b7fb,50,Speed,1.1059732773337962,0.49179823522131116
63ade94905e590dbf726b7fb,50,Accuracy,2.2209430529728507,1.2072738090113673
63b0b5cfc9252404951ac395,70,Speed,2.062928163172538,1.7810946339238392
63b0b5cfc9252404951ac395,70,Accuracy,2.538036769358432,1.8315853564568756
63b46b4cb554f946b60fd1d6,72,Speed,1.8607363375386465,1.1545946977806263
63b46b4cb554f946b60fd1d6,72,Accuracy,2.0446070133953205,0.9742666151819063
63b5681c49af1cbe651420bc,55,Speed,2.275953440513712,0.3346101602017084
63b5681c49af1cbe651420bc,55,Accuracy,4.956183369857937,1.740220278017505
63bdb63007b7ff499cb0e839,53,Speed,1.4575422782406666,1.2339998404571606
63bdb63007b7ff499cb0e839,53,Accuracy,1.5831656141449875,1.3911663953922413
63bed6e176fba857a47fbaff,61,Speed,1.9890355860619207,1.270619461860563
63bed6e176fba857a47fbaff,61,Accuracy,3.3792214958399325,1.4758460823271298
63c4a90d09909e33d5e82f21,50,Speed,1.5631570430175088,0.936830150871557
63c4a90d09909e33d5e82f21,50,Accuracy,1.8042024652295072,0.8411557456818751
63c9fd72104f2f9bdc6b1fcc,86,Speed,1.94506151977053,0.8205695019409593
63c9fd72104f2f9bdc6b1fcc,86,Accuracy,2.797632414413918,1.1752092892441481
63caa01beb22afd1f8a42b54,69,Speed,2.5768256306529675,1.0258742568492538
63caa01beb22afd1f8a42b54,69,Accuracy,2.89815523747071,1.181340875371864
63cbd5095083beef0c8b1a7a,62,Speed,1.1529223093828078,1.0154442151573282
63cbd5095083beef0c8b1a7a,62,Accuracy,1.654939039575429,0.9604445244838106
63d2fe57eea8cacc91a44fdd,62,Speed,1.2060114139306986,0.6189854216662917
63d2fe57eea8cacc91a44fdd,62,Accuracy,2.792015698643681,1.2858583626474276
63d7b81d79044b73bfb50952,40,Speed,2.6666494731457364,0.9345552384189073
63d7b81d79044b73bfb50952,40,Accuracy,2.558315842373087,1.0657128005474497
63da9d744c860382808770bd,62,Speed,2.8666241951912603,1.2274477859723312
63da9d744c860382808770bd,62,Accuracy,3.3902484456509416,1.561603083209562
63e51e55974365f1e43df265,19,Speed,2.1266493090766017,0.8270993894995681
63e51e55974365f1e43df265,19,Accuracy,2.405078454196502,1.1766210989820847
63e995a63f886d83e6ec5881,22,Speed,2.8345727370576532,0.8621011343133314
63e995a63f886d83e6ec5881,22,Accuracy,3.0591374437188477,1.3096849841026514
63f030e4617ebd1995cef566,67,Speed,1.7934183472396799,1.080616303597832
63f030e4617ebd1995cef566,67,Accuracy,1.776960191542605,1.0318867561454808
63f7a192f23f12b947c92d36,67,Speed,0.8132179480001209,1.0188249008060202
63f7a192f23f12b947c92d36,67,Accuracy,1.166254718690781,1.0445909144048429
63f7a3efa5b4d0027e3185f0,40,Speed,5.131123341946244,1.1884900722532048
63f7a3efa5b4d0027e3185f0,40,Accuracy,6.152158777512275,1.545666042530333
63fa2287bd13de487b3d7393,57,Speed,1.9558816924501004,0.3757114205115193
63fa2287bd13de487b3d7393,57,Accuracy,2.4620833674743126,1.0492460873086897
63fcde3494055a563c72cb12,76,Speed,1.0532105358762012,0.44485647781606913
63fcde3494055a563c72cb12,76,Accuracy,1.535860900933622,0.4528656725126084
64050cfd151bc9945fd3eac9,60,Speed,2.553536414151565,0.7080395127122692
64050cfd151bc9945fd3eac9,60,Accuracy,2.4463249043412176,0.7816770832224775
640606633093306c279c0b97,52,Speed,1.4789856913683725,0.48596857514441544
640606633093306c279c0b97,52,Accuracy,3.255293978324558,1.639738635158801
6406d015ad2a96ceef1f86cc,73,Speed,2.1197099180742804,0.828088698615489
6406d015ad2a96ceef1f86cc,73,Accuracy,2.383143427117951,0.8329969539928588
64071f8576c48034c00df845,69,Speed,1.3873805923140756,0.7730796590724004
64071f8576c48034c00df845,69,Accuracy,1.8103094821208268,1.5724130967693464
640bb9ea594c3fb80a4be5fb,49,Speed,2.0396096324585278,1.2588658138060036
640bb9ea594c3fb80a4be5fb,49,Accuracy,2.2851823277234447,1.3362740774375221
6413c7853eba2b2215197ff4,68,Speed,3.6748146271768576,1.3906512650542284
6413c7853eba2b2215197ff4,68,Accuracy,3.4130326871677106,1.3368917347103846
64187118501afa8d9e65d63b,25,Speed,2.2660268027084887,0.7560873260130332
64187118501afa8d9e65d63b,25,Accuracy,2.7287794677890163,1.0208503114231993
6428f7ac297e312f7262d93b,59,Speed,1.0642417909560138,0.48551752423105027
6428f7ac297e312f7262d93b,59,Accuracy,2.3099765115774797,1.672657045842169
64345bf16b9a2e046128887f,71,Speed,3.889448683431835,1.4925118391972008
64345bf16b9a2e046128887f,71,Accuracy,3.7047384718943204,1.5963300454901288
64394a1454202dfbace21e90,49,Speed,2.746601174919171,1.2907663029772818
64394a1454202dfbace21e90,49,Accuracy,2.530605726460195,1.143856523772975
64467092479723cb7906e371,67,Speed,3.257538583449284,0.8064240074379418
64467092479723cb7906e371,67,Accuracy,3.3281446285108736,0.8261720919286779
6449707327ff66156c264c6f,59,Speed,2.4760309573089136,0.6784213275090956
6449707327ff66156c264c6f,59,Accuracy,2.5088273640991074,0.9184371346070139
64527892acde0fbd392a41d6,65,Speed,2.661579735729585,1.184889641328269
64527892acde0fbd392a41d6,65,Accuracy,2.964200207256638,1.1149539606606413
6455616c0fe23ecca70ce1b9,66,Speed,3.0132769344385237,1.299351165622481
6455616c0fe23ecca70ce1b9,66,Accuracy,3.2573957447987314,1.5653352117024493
6462477ceb093758f41d42e9,56,Speed,1.5389009901871618,0.3986182858997787
6462477ceb093758f41d42e9,56,Accuracy,3.0455190249335136,1.4499687527555938
64626b7afedc6a67a08dec52,67,Speed,2.638355249063667,1.2435524482336653
64626b7afedc6a67a08dec52,67,Accuracy,3.181582307790578,1.5355579847977878
6462ad7a6af483d279eefb98,50,Speed,1.4507798254592912,0.43815814810253806
6462ad7a6af483d279eefb98,50,Accuracy,2.1155635708957226,1.0461463349086761
646691e373f0424399e2de28,63,Speed,2.963103547907675,1.0880613092327849
646691e373f0424399e2de28,63,Accuracy,2.789474439510669,1.0580358429837813
6467c9e2d169d6933ecdb639,53,Speed,2.7589902890372255,1.0822669909380578
6467c9e2d169d6933ecdb639,53,Accuracy,2.955658450765194,1.2381021977771092
646b776eca37542a899c1de5,57,Speed,2.3721268658392956,1.497444226707401
646b776eca37542a899c1de5,57,Accuracy,2.4225050182075507,1.0913978756705194
646d3710dea5554a4b83d2a2,73,Speed,1.4963308825247674,0.503722545681735
646d3710dea5554a4b83d2a2,73,Accuracy,2.045493970392303,1.0378373910842387
647287f051cab7142b9ca9bf,52,Speed,2.301411152035203,1.3206601676714251
647287f051cab7142b9ca9bf,52,Accuracy,3.0192233400638084,1.4771455846236259
6476c9f4663c454f80fc60c8,52,Speed,2.7543031266380558,0.8710302812269017
6476c9f4663c454f80fc60c8,52,Accuracy,2.7422095179765,0.7196307099001316
64898a37c96a3194c71730b2,53,Speed,3.5115456845661948,1.0363203295342613
64898a37c96a3194c71730b2,53,Accuracy,4.410906026642801,1.0738786771012279
64921fc8c813049f1fd29b47,62,Speed,1.3926717262336994,0.4542216264765778
64921fc8c813049f1fd29b47,62,Accuracy,2.9642126667696123,1.612262180618117
649b2106b81f8dcf5d163ee5,78,Speed,1.6498783984312368,1.6838761356499987
649b2106b81f8dcf5d163ee5,78,Accuracy,2.3312811232745663,2.0475491703039355
64a281f78c5be10f0f28e3ac,65,Speed,2.4531500448655277,1.5145667254855744
64a281f78c5be10f0f28e3ac,65,Accuracy,2.7483155242352715,1.7310627793824336
64d50be2a6946343b620b6c4,52,Speed,3.1341942343584206,1.1566662886484702
64d50be2a6946343b620b6c4,52,Accuracy,3.4533397382099285,1.1345121785858197
64d523f4ad7f5e602c479ad1,54,Speed,3.5327549368238023,1.1938478908898644
64d523f4ad7f5e602c479ad1,54,Accuracy,3.708797105074991,1.3636646068101679
64e36d981d00e7d7c45addc2,49,Speed,2.0767561007210635,0.5201262334274188
64e36d981d00e7d7c45addc2,49,Accuracy,3.5985910795242035,1.0683876426900358
6509dae7b4546ad7146fd4ee,52,Speed,2.9407042614863186,1.2498473863866328
6509dae7b4546ad7146fd4ee,52,Accuracy,3.025266947601892,1.4816788028948866
650b6a4edc2b618a85e5cdf8,55,Speed,2.639941257768196,0.9603094149514488
650b6a4edc2b618a85e5cdf8,55,Accuracy,3.7502347594787007,0.8657546931859474
650c3f3a36d72f87324d708f,53,Speed,2.862798789467001,0.9119806186341143
650c3f3a36d72f87324d708f,53,Accuracy,3.1052658266942865,1.1533623572667535
650da967bd0f006226aa1d7a,53,Speed,1.8707131116545426,1.3138152213845071
650da967bd0f006226aa1d7a,53,Accuracy,2.9907383115878967,1.3038508739789267
6518cf249463264599a7918d,52,Speed,2.600841439361299,0.7109566516757453
6518cf249463264599a7918d,52,Accuracy,3.2441214994895717,1.0661544727249075
65198ba1126ba439e0d8f29f,42,Speed,2.911277433774854,0.8090305691170541
65198ba1126ba439e0d8f29f,42,Accuracy,3.7662836068387446,1.1747285207270914
651af447dcee6525fe0ac08f,32,Speed,2.879581774322589,1.0767809737239165
651af447dcee6525fe0ac08f,32,Accuracy,3.056959049426762,1.2053586384657304
651eb3bc379e71c4df3b95a7,41,Speed,2.6632200954621505,1.1496204173530182
651eb3bc379e71c4df3b95a7,41,Accuracy,2.9756081077345278,1.2253484788004376
651ec2aa595edca002b3f6d8,52,Speed,1.7405594835414808,0.4993017774798804
651ec2aa595edca002b3f6d8,52,Accuracy,2.8412539604496674,1.1972220287710853
651eea44194fa8c200606af7,75,Speed,3.052829218671977,1.2005621553262573
651eea44194fa8c200606af7,75,Accuracy,3.7640707230324044,1.2969153067462558
6530254e79568ee55c08cf12,56,Speed,2.468120792340887,1.1205043394733714
6530254e79568ee55c08cf12,56,Accuracy,2.406415857737957,1.1302335139640112
65344ec64854d12a1baf93d6,53,Speed,2.3572199159378324,1.0727468330358645
65344ec64854d12a1baf93d6,53,Accuracy,2.5918159910751064,1.1001771401963854
653d24b26d450d5f684b5011,76,Speed,1.7718374282150693,1.520152678865794
653d24b26d450d5f684b5011,76,Accuracy,2.1780928099999586,1.487806820080779
654113b29db54ebe7243632a,75,Speed,2.758101314400329,1.2369530019240316
654113b29db54ebe7243632a,75,Accuracy,2.8447449125081548,1.3891990217819863
6543abd612dc7fc77f466814,49,Speed,4.235651596178854,1.126700581239884
6543abd612dc7fc77f466814,49,Accuracy,3.8043199554184577,1.1504758547830203
6543baa88cbed050558764dd,37,Speed,2.3333569126995473,1.1520992408107722
6543baa88cbed050558764dd,37,Accuracy,2.465874515553817,1.426331854211987
65450acb15b86368927f3f7f,73,Speed,1.5828620893246086,0.4678142802428248
65450acb15b86368927f3f7f,73,Accuracy,2.5349802351419264,1.633401625807578
65465c5bc5a014ec683d55cf,40,Speed,2.718121968358435,1.0625196669459605
65465c5bc5a014ec683d55cf,40,Accuracy,4.591090769127009,1.2387397635246329
6547e7cd0511efc35646ac76,22,Speed,1.4467422810334745,0.36424458440100477
6547e7cd0511efc35646ac76,22,Accuracy,3.1615005074702442,1.005037131912575
6552428b01eebb19576c567d,71,Speed,0.00353261949087863,1.00920974577246
6552428b01eebb19576c567d,71,Accuracy,-0.010997920353109834,0.9427294308504698
655622d420556b53d5b1a654,60,Speed,1.3247517877993693,1.586987541464243
655622d420556b53d5b1a654,60,Accuracy,2.0602663239963777,2.2538189938834683
655727ebfca43fc335260382,71,Speed,2.458408329078581,1.0721598495232374
655727ebfca43fc335260382,71,Accuracy,2.932666532455079,1.3068460058815468
6558cfb5dea00c262887d792,71,Speed,1.9040157047617958,1.2036617930583589
6558cfb5dea00c262887d792,71,Accuracy,1.9627798991842313,1.221394322457929
655cc974613aec120f21293b,24,Speed,2.394819977224356,0.7441599421165178
655cc974613aec120f21293b,24,Accuracy,2.652228136390869,0.8574226678909816
655f8e10ad0a87d538a94f9f,20,Speed,1.899000857486403,0.802951007024049
655f8e10ad0a87d538a94f9f,20,Accuracy,1.942520383375588,1.3024561283204268
655fcf54056edf3065f74b91,19,Speed,1.538298187220716,0.8339249131913598
655fcf54056edf3065f74b91,19,Accuracy,2.521624630064477,1.1053122707613277
6562fbd1f6b4756ac64c4dbd,71,Speed,2.2974213406181216,1.0726302334900135
6562fbd1f6b4756ac64c4dbd,71,Accuracy,2.0977354368156207,1.0592547059329347
6564b4871e2847cd44a52718,71,Speed,1.211987755158968,0.48031841962396116
6564b4871e2847cd44a52718,71,Accuracy,2.3982702423523463,1.5570342230125584
65675f2ae0bb2e4ecb9c539d,71,Speed,2.4479167414259018,0.834583871586275
65675f2ae0bb2e4ecb9c539d,71,Accuracy,3.108384138561394,0.8974885367808809
6568ae9ae8820204f4956bf7,25,Speed,1.843675892583671,0.8457892717872915
6568ae9ae8820204f4956bf7,25,Accuracy,3.345292012233044,1.030584683593448
656cc02d2d90244628b27e09,20,Speed,2.502228613674147,1.3216692597899977
656cc02d2d90244628b27e09,20,Accuracy,2.941471763724923,1.5896762205109105
656ef3d7b2b73a79429aec67,39,Speed,1.933134604325924,0.9920198741831512
656ef3d7b2b73a79429aec67,39,Accuracy,2.3704752130271,1.2437375448022916
6571af52592a29d0854f366e,38,Speed,1.1520936004925095,0.8643040809797592
6571af52592a29d0854f366e,38,Accuracy,2.318786087363535,1.557151087050041
6574bd9b9b3c601d1c28500f,28,Speed,3.4709275527172507,1.196091869521749
6574bd9b9b3c601d1c28500f,28,Accuracy,3.2411613124438365,1.3489431467548803
6575fb1c1a04b30cfb2832d5,21,Speed,2.4318958055229882,1.1200634748393978
6575fb1c1a04b30cfb2832d5,21,Accuracy,2.735874734367362,1.4655114622302212
6578c0ce1348ad8e79a65d0b,21,Speed,2.0527266123343413,0.9455940078648903
6578c0ce1348ad8e79a65d0b,21,Accuracy,2.1825496281347014,1.1947361049610215
657cbd52949ddd9d3426dbba,71,Speed,3.545434684248696,1.0822756465259666
657cbd52949ddd9d3426dbba,71,Accuracy,3.844579934435923,1.1695469126114886
659d5714dc9577f554cf1385,73,Speed,2.0131003188497925,1.0163476065295518
659d5714dc9577f554cf1385,73,Accuracy,1.940723864228949,1.0266751842748916
659f14a1a119daa53162b173,71,Speed,0.8263125622411172,0.6107154982641563
659f14a1a119daa53162b173,71,Accuracy,1.1462685077021935,0.9377777742733224
65aa855a8692cf702bea521a,88,Speed,1.2127251864568245,0.49170149734293295
65aa855a8692cf702bea521a,88,Accuracy,2.5818486129100564,1.0081352707420748
65aaf74b028a4828c08a4630,78,Speed,1.5589958999718818,1.155476134089459
65aaf74b028a4828c08a4630,78,Accuracy,2.06260494337933,1.2125518094264633
65b7cd609e8e7e53fb113123,42,Speed,1.5899792531503107,0.3046885338924456
65b7cd609e8e7e53fb113123,42,Accuracy,3.164196899940714,1.316107490115548
65c14cbb9ede56944d5a10cf,38,Speed,3.3538434679337,1.000512823714608
65c14cbb9ede56944d5a10cf,38,Accuracy,3.7279804145375106,1.2661851198128462
65c240c5fae466a93e7a7f68,83,Speed,1.6993609189560739,1.4613985603237893
65c240c5fae466a93e7a7f68,83,Accuracy,2.6080796266836583,1.4862444145621312
65c3c8139373654ebcc74d3b,51,Speed,1.4524403044907728,1.056801419043098
65c3c8139373654ebcc74d3b,51,Accuracy,2.027667177946201,1.0531464853316463
65cee11fd5cb921a108c988d,45,Speed,2.609774646537029,0.8819091638258453
65cee11fd5cb921a108c988d,45,Accuracy,3.1549026789179937,1.3112097535063574
